codigo,region,municipioEscolar,nombreEscuela,nivel,matricula_21,ausentismo_cronico_21,ciencias_meta_21,espanol_meta_21,ingles_meta_21,mate_meta_21,escuela_receptora,espanol_meta_19,mate_meta_19,ingles_meta_19,ciencias_meta_19,matricula_2019
10272,Arecibo,Arecibo I,Eugenio María de Hostos,Primario,238,0.3604651162790697,0.30159,0.34392,0.34043,0.21693,0.0,34.4,21.7,34.0,30.2,240
10314,Arecibo,Arecibo II,Julio Seijo,Primario,175,0.3240223463687151,0.64865,0.73404,0.72043,0.77419,0.0,73.4,77.4,72.0,64.9,192
10322,Arecibo,Arecibo I,S. U. Enrique de Jesús Borrás,Primario,214,0.2478260869565217,0.88636,0.58125,0.63125,0.5375,0.0,58.1,53.7,63.1,88.6,223
10355,Arecibo,Arecibo II,John W. Harris,Primario,231,0.5354330708661418,0.68421,0.59524,0.592,0.48413,1.0,59.5,48.4,59.2,68.4,265
10439,Arecibo,Arecibo II,Dr. Cayetano Coll y Toste,Primario,547,0.1648936170212765,0.94156,0.95181,0.86988,0.83855,1.0,95.2,83.9,87.0,94.2,599
10512,Arecibo,Arecibo II,S. U. Manuel Ruiz Gandía,Primario,481,0.25,0.39785,0.34056,0.3,0.14861,0.0,34.1,14.9,30.0,39.8,465
10546,Arecibo,Arecibo I,S. U. Federico Degetau,Primario,538,0.2067736185383244,0.38947,0.36147,0.32532,0.15101,0.0,36.1,15.1,32.5,38.9,703
10637,Arecibo,Arecibo I,Angélica Gómez de Betancourt,Primario,183,0.3612565445026178,0.61905,0.39091,0.3578,0.33636,0.0,39.1,33.6,35.8,61.9,182
10710,Arecibo,Florida,Juanita Ramírez González,Primario,322,0.4899135446685879,0.44776,0.44134,0.28977,0.47191,0.0,44.1,47.2,29.0,44.8,380
10744,Arecibo,Barceloneta,Imbery,Primario,343,0.1643454038997214,0.64286,0.50289,0.47399,0.44253,0.0,50.3,44.3,47.4,64.3,359
10892,Arecibo,Camuy,S. U. Joaquín Vázquez Cruz,Primario,278,0.1254355400696864,0.59091,0.48108,0.41935,0.29032,0.0,48.1,29.0,41.9,59.1,289
10967,Arecibo,Camuy,Ralph W. Emerson,Primario,409,0.1431924882629108,0.84746,0.72251,0.57068,0.74869,0.0,72.3,74.9,57.1,84.7,377
11023,Arecibo,Camuy,Antonio Reyes,Primario,331,0.3274336283185841,0.39161,0.42895,0.43386,0.2058,0.0,42.9,20.6,43.4,39.2,397
11031,Arecibo,Camuy,S. U. Santiago R. Palmer,Primario,264,0.3472222222222222,0.96809,0.69068,0.73504,0.56838,0.0,69.1,56.8,73.5,96.8,323
11080,Arecibo,Camuy,Pedro Amador,Primario,172,0.2388888888888889,0.57143,0.67241,0.58621,0.66379,1.0,67.2,66.4,58.6,57.1,218
11239,Arecibo,Ciales,Hato Viejo Cumbre,Primario,103,0.3333333333333333,0.92,0.64407,0.57627,0.81356,0.0,64.4,81.4,57.6,92.0,107
11312,Arecibo,Ciales,S. U. Toribio Rivera,Primario,194,0.2938388625592417,0.51111,0.375,0.27941,0.34559,1.0,37.5,34.6,27.9,51.1,182
11320,Arecibo,Ciales,Superior Francisco Serrano,Primario,322,0.1855072463768116,0.32836,0.45918,0.26425,0.36788,1.0,45.9,36.8,26.4,32.8,335
11387,Arecibo,Hatillo,Luis Meléndez Rodríguez,Primario,517,0.1933085501858736,0.472,0.48166,0.47433,0.30318,1.0,48.0,30.3,47.4,47.2,556
11395,Arecibo,Hatillo,Luis Muñoz Rivera,Primario,335,0.3,0.77027,0.64532,0.55665,0.71078,1.0,64.5,71.1,55.7,77.0,379
11403,Arecibo,Hatillo,Eugenio María de Hostos,Primario,259,0.4906367041198501,0.56522,0.3913,0.32353,0.47101,1.0,39.1,47.1,32.4,56.5,282
11411,Arecibo,Hatillo,Carmen Noelia Peraza Toledo,Primario,321,0.1536312849162011,0.66154,0.92025,0.90184,0.74233,0.0,92.0,94.2,90.2,66.2,353
11494,Arecibo,Hatillo,S. U. Rafael Zamot Cruz,Primario,218,0.2794759825327511,0.67241,0.58427,0.47458,0.3427,0.0,58.4,34.3,47.5,67.2,250
11502,Arecibo,Hatillo,Timoteo Delgado,Primario,498,0.3433395872420263,0.52047,0.39806,0.38402,0.17121,0.0,39.8,17.1,38.4,52.0,532
11756,Arecibo,Camuy,Luis Felipe Rodríguez García,Primario,543,0.2875,0.71711,0.53741,0.65986,0.42404,0.0,53.7,42.4,66.0,71.7,580
11908,Arecibo,Lares,Julio Lebrón Soto,Primario,220,0.1216216216216216,0.28571,0.51402,0.18868,0.39252,0.0,51.4,39.3,48.9,28.6,200
11932,Arecibo,Lares,S. U. Angélica Delgado,Primario,401,0.1004784688995215,0.56383,0.57143,0.65845,0.39583,0.0,57.1,39.6,65.8,56.4,438
12005,Arecibo,Lares,George Washington,Primario,173,0.225130890052356,1.0,0.88043,0.77174,0.86957,0.0,88.0,87.0,77.2,100.0,166
12062,Arecibo,Manatí,Francisco Menéndez Balbañe,Primario,79,0.4712643678160919,0.75,0.8,0.7,0.925,0.0,80.0,92.5,70.0,75.0,76
12070,Arecibo,Manatí,Félix Córdova Dávila,Primario,312,0.2438271604938271,0.92727,0.85714,0.91667,0.91667,0.0,85.7,91.7,91.7,92.7,342
12096,Arecibo,Manatí,Jesús T Piñero,Primario,239,0.2510121457489878,0.13187,0.10359,0.16935,0.01205,0.0,10.4,1.2,16.9,13.2,266
12138,Arecibo,Manatí,Evaristo Camacho,Primario,105,0.3396226415094339,0.77778,0.4386,0.50877,0.89474,0.0,43.9,89.5,50.9,77.8,121
12187,Arecibo,Manatí,Antonio Vélez Alvarado,Primario,236,0.2777777777777778,0.85,0.78261,0.84783,0.81522,1.0,78.3,81.5,84.8,85.0,235
12229,Arecibo,Manatí,Teodomiro Taboas,Primario,122,0.3769230769230769,0.56522,0.70513,0.7013,0.70513,0.0,70.5,70.5,70.1,56.5,164
12245,Bayamón,Morovis,Francisco Rivera Claudio,Primario,325,0.0411764705882352,0.32174,0.3403,0.2597,0.0509,1.0,34.0,5.1,26.0,32.2,358
12260,Bayamón,Morovis,Esperanza González,Primario,201,0.0092592592592592,0.76744,0.68657,0.45522,0.67164,1.0,68.7,67.2,45.5,76.7,261
12278,Bayamón,Morovis,Juana G. Avilés (Fránquez),Primario,264,0.2346570397111913,0.81356,0.56886,0.52727,0.6747,1.0,56.9,67.5,52.7,81.4,318
12336,Bayamón,Morovis,Ramon Torres Rivera,Primario,110,0.2991452991452991,1.0,0.92683,0.73171,0.9878,0.0,92.7,98.8,73.2,100.0,114
12369,Bayamón,Morovis,Elemental Urbana,Primario,287,0.1357615894039735,0.81579,0.3046,0.21387,0.46821,1.0,30.5,46.8,21.4,81.6,335
12401,Bayamón,Morovis,S. U. José R. Barreras,Primario,285,0.2565789473684211,0.44928,0.41935,0.3271,0.25346,0.0,41.9,25.3,32.7,44.9,339
12435,Bayamón,Morovis,Barahona (Elemental),Primario,287,0.4081632653061224,0.66038,0.53205,0.72368,0.51299,1.0,53.2,51.3,72.4,66.0,302
12518,Bayamón,Orocovis,S. U. Bonifacio Alvarado,Primario,175,0.1270718232044199,0.97674,0.728,0.624,0.592,0.0,72.8,59.2,62.4,97.7,186
12633,Bayamón,Orocovis,Visitación Pagán,Primario,240,0.1646586345381526,1.0,0.84127,0.83333,0.92857,0.0,84.1,92.9,83.3,100.0,220
12666,Bayamón,Orocovis,S. U. Matrullas,Primario,138,0.1476510067114094,0.80769,0.43434,0.52577,0.33673,1.0,43.4,33.7,52.6,80.8,151
12716,Bayamón,Orocovis,S. U. Botijas I,Primario,169,0.0404624277456647,0.65625,0.53509,0.72566,0.51754,0.0,53.5,51.8,72.6,65.6,179
12740,Bayamón,Orocovis,Ángel Rafael Díaz Colón,Primario,210,0.184331797235023,0.94643,0.74834,0.92053,0.80132,1.0,74.8,80.1,92.1,94.6,243
12765,Bayamón,Orocovis,S. U. Sanamuertos,Primario,250,0.0817120622568093,0.55405,0.68116,0.42512,0.35266,1.0,68.1,35.3,42.5,55.4,264
12799,Arecibo,Quebradillas,Ramón Emeterio Betances,Primario,280,0.1030927835051546,0.54839,0.54601,0.46914,0.69939,1.0,54.6,69.9,46.9,54.8,373
12872,Arecibo,Quebradillas,Dr. Pedro Albizu Campos,Primario,144,0.170886075949367,0.1746,0.28313,0.20122,0.0241,1.0,28.3,2.4,20.1,17.5,180
12914,Arecibo,Quebradillas,S. U. Honorio Hernández,Primario,336,0.1581920903954802,0.33766,0.33475,0.24255,0.23404,0.0,33.5,23.4,24.3,33.8,339
12922,Arecibo,Quebradillas,S. U. Luis Muñoz Rivera,Primario,562,0.1008403361344537,0.55357,0.48898,0.426,0.28942,1.0,48.9,28.9,42.6,55.4,677
13151,Ponce,Utuado,Francisco Ramos Sánchez,Primario,299,0.2990936555891239,0.50794,0.43895,0.36657,0.1312,1.0,43.9,13.1,36.7,50.8,345
13326,Ponce,Utuado,Francisco Jordán,Primario,172,0.3111111111111111,0.6,0.63514,0.57432,0.5473,1.0,63.5,54.7,57.4,60.0,208
13334,Ponce,Utuado,S. U. Marta Lafontaine,Primario,91,0.4629629629629629,0.90476,0.79245,0.58491,0.4717,0.0,79.2,47.2,58.5,90.5,75
13342,Ponce,Utuado,Antonio Tulla Torres,Primario,134,0.2789115646258503,0.52941,0.4,0.27957,0.58511,1.0,40.0,58.5,28.0,52.9,127
13359,Ponce,Utuado,Inocencio Montero,Primario,282,0.0950920245398773,0.52239,0.57895,0.375,0.43062,0.0,57.9,43.1,37.5,52.2,282
13391,Ponce,Utuado,Bernardo González Colón,Primario,283,0.2222222222222222,0.33333,0.3625,0.23849,0.14644,0.0,36.2,14.6,23.8,33.3,340
14373,Ponce,Utuado,María Libertad Gómez,Primario,147,0.1395348837209302,0.25581,0.39063,0.125,0.35938,0.0,39.1,35.9,12.5,25.6,241
14779,Arecibo,Manatí,Juan A Sánchez Dávila,Primario,218,0.216867469879518,0.75,0.55556,0.37607,0.47863,1.0,55.6,47.9,37.6,75.0,256
14787,Arecibo,Arecibo II,Francisco Pechín Marín,Primario,307,0.2148541114058355,0.76563,0.75,0.67262,0.69643,0.0,75.0,69.6,67.3,76.6,393
15024,Arecibo,Arecibo II,Elba Lugo Carrión,Primario,329,0.2550724637681159,0.77143,0.76536,0.69663,0.80899,1.0,76.5,80.9,69.7,77.1,399
15396,Mayagüez,Isabela,Mateo Hernández,Primario,200,0.1598173515981735,0.60606,0.41509,0.33962,0.56604,0.0,41.5,56.6,34.0,60.6,217
15404,Mayagüez,Isabela,Epifanio Estrada,Primario,236,0.3176470588235294,0.84615,0.68367,0.66327,0.82653,0.0,68.4,82.7,66.3,84.6,217
15438,Mayagüez,Isabela,Antonio Geigel Paredes,Primario,290,0.1596091205211726,0.40909,0.53988,0.53374,0.63804,1.0,54.0,63.8,53.4,40.9,303
15446,Mayagüez,Isabela,José C. Rosario,Primario,585,0.32,0.37811,0.34019,0.34984,0.1866,1.0,34.0,18.7,35.0,37.8,787
15453,Mayagüez,Isabela,S. U. José A. Vargas,Primario,361,0.3068783068783068,0.47619,0.40678,0.31646,0.25847,1.0,40.7,25.8,31.6,47.6,362
15750,Mayagüez,Isabela,Irma Deliz de Muñoz,Primario,365,0.3076923076923077,0.33803,0.31604,0.33732,0.04728,0.0,31.6,4.7,33.7,33.8,432
15917,Arecibo,Lares,Ramón de Jesús Sierra,Primario,451,0.2918454935622318,0.36196,0.45059,0.33,0.08911,0.0,45.1,8.9,33.0,36.2,510
16220,Ponce,Utuado,Judith A. Vivas,Primario,257,0.1870503597122302,0.80357,0.87363,0.85083,0.90659,1.0,87.4,90.7,85.1,80.4,334
17111,Arecibo,Arecibo II,Luis Muñoz Marín,Primario,305,0.4927536231884058,0.95699,0.4129,0.43564,0.25243,1.0,41.3,25.2,43.6,95.7,420
17186,Bayamón,Morovis,Ángel G. Quintero,Primario,348,0.0446927374301676,0.7,0.46903,0.49558,0.31268,0.0,46.9,31.3,49.6,70.0,349
17418,Arecibo,Manatí,Nueva Juan S. Marchand,Primario,433,0.1766004415011037,0.47222,0.42174,0.37118,0.33623,1.0,42.2,33.6,37.1,47.2,567
17459,Arecibo,Florida,Ricardo Rodríguez Torres,Primario,248,0.3518518518518518,0.44444,0.5,0.54918,0.54098,0.0,50.0,54.1,54.9,44.4,270
17467,Arecibo,Camuy,Amalia López de Ávila (Nueva),Primario,298,0.4763406940063091,0.7931,0.62112,0.53416,0.6646,1.0,62.1,66.5,53.4,79.3,348
17657,Mayagüez,Isabela,Nueva Ceferina Cordero,Primario,275,0.3604240282685512,0.46032,0.35751,0.28125,0.34715,1.0,35.8,34.7,28.1,46.0,354
17673,Arecibo,Lares,Daniel Vélez Soto,Primario,313,0.2108433734939759,0.70175,0.53039,0.41436,0.56906,0.0,53.0,56.9,41.4,70.2,425
17707,Ponce,Utuado,Dr. Efraín González Tejera,Primario,123,0.2014925373134328,0.88,0.92754,0.88406,0.88406,0.0,92.8,88.4,88.4,88.0,149
17749,Arecibo,Arecibo II,S. U. Barrio Sabana Hoyos (Nueva),Primario,595,0.4146341463414634,0.57792,0.42536,0.36756,0.20492,1.0,57.8,20.5,36.8,57.8,675
17764,Arecibo,Florida,Leonardo Valentín Tirado,Primario,300,0.4380952380952381,0.25714,0.37037,0.36311,0.11396,0.0,37.0,11.4,36.3,25.7,353
17780,Arecibo,Arecibo I,Factor 5,Primario,370,0.1181102362204724,0.7377,0.71006,0.61677,0.70833,0.0,71.0,70.8,61.7,73.8,393
17871,Bayamón,Orocovis,Nélida Meléndez Meléndez,Primario,428,0.2889390519187358,0.85586,0.65689,0.65689,0.71554,0.0,65.7,71.6,65.7,85.6,508
17889,Arecibo,Ciales,Jaime Coira Ortiz,Primario,194,0.1313131313131313,0.72727,0.63248,0.71795,0.51282,0.0,63.2,51.3,71.8,72.7,200
18176,Arecibo,Barceloneta,Eli Ramos Rosario,Primario,309,0.3579881656804733,0.74138,0.50289,0.52601,0.47399,1.0,50.3,47.4,52.6,74.1,352
18184,Arecibo,Barceloneta,Nueva Intermedia,Primario,320,0.476878612716763,0.40909,0.34675,0.31329,0.16511,0.0,34.7,16.5,31.3,40.9,365
18226,Arecibo,Lares,Héctor Hernández Arana,Primario,405,0.1745283018867924,0.90566,0.81006,0.87079,0.86517,0.0,81.0,86.5,87.1,90.6,373
18234,Arecibo,Barceloneta,Vicente Acevedo Ballester,Primario,492,0.3463035019455253,0.59589,0.43536,0.35714,0.31034,1.0,43.5,31.0,35.7,59.6,535
18259,Arecibo,Dorado,Elemental Bo. Higuillar (Ecológica),Primario,542,0.1222627737226277,0.36429,0.43814,0.32648,0.24615,1.0,43.8,24.6,32.6,36.4,547
18267,Arecibo,Vega Alta,José Pagán de Jesús,Primario,527,0.2713754646840148,0.29927,0.35116,0.34272,0.23776,1.0,35.1,23.8,34.3,29.9,589
18291,Arecibo,Ciales,Nueva Urbana de Ciales,Primario,653,0.4005763688760806,0.26554,0.27308,0.20962,0.16538,1.0,27.3,16.5,21.0,26.6,733
20065,Caguas,Aguas Buenas,Alfonso López O'Neill,Primario,115,0.175,0.94118,0.69565,0.91209,0.81522,0.0,69.6,81.5,91.2,94.1,153
20172,Caguas,Aguas Buenas,S. U. Bayamoncito,Primario,264,0.1126760563380281,0.57143,0.4918,0.26337,0.2963,1.0,49.2,29.6,26.3,57.1,317
20180,Caguas,Aguas Buenas,Carmen D. Ortiz Ortiz (S. U. Sumidero),Primario,547,0.2286689419795221,0.57937,0.41058,0.22418,0.27204,0.0,41.1,27.2,22.4,57.9,513
20305,Caguas,Aibonito,Rabanal,Primario,173,0.2742857142857143,1.0,0.76744,0.78125,0.83721,0.0,76.7,83.7,78.1,100.0,218
20339,Caguas,Aibonito,S. U. Carmen Zenaida Vega (La Plata),Primario,126,0.0866141732283464,0.7027,0.56881,0.47706,0.49541,0.0,56.9,49.5,47.7,70.3,148
20396,Caguas,Barranquitas,José Colón Gonzalez,Primario,520,0.0547169811320754,1.0,0.8806,0.96517,0.94527,0.0,88.1,94.5,96.5,100.0,434
20404,Caguas,Barranquitas,Petroamérica Pagan,Primario,398,0.3921113689095127,0.7807,0.52595,0.55017,0.39792,1.0,52.6,39.8,55.0,78.1,429
20412,Caguas,Barranquitas,El Farallón,Primario,140,0.2426035502958579,0.52632,0.53731,0.29851,0.70149,0.0,53.7,70.1,29.9,52.6,161
20537,Caguas,Barranquitas,S. U. La Loma (Antonio Vázquez Ramos),Primario,151,0.3926380368098159,1.0,0.94737,0.96491,0.9386,0.0,94.7,93.9,96.5,100.0,182
20545,Caguas,Barranquitas,S. U. Lajitas (Ramón T Rivera),Primario,188,0.082051282051282,0.69565,0.36806,0.32639,0.25,1.0,36.8,25.0,32.6,69.6,215
20552,Caguas,Barranquitas,Federico Degetau,Primario,443,0.1355555555555555,0.648,0.48056,0.35537,0.38781,1.0,48.1,38.8,35.5,64.8,484
20578,Caguas,Caguas I,Abelardo Díaz Morales,Primario,437,0.1535087719298245,0.34118,0.42324,0.275,0.47917,1.0,42.3,47.9,27.5,34.1,425
20594,Caguas,Caguas I,Nicolas Aguayo Aldea,Primario,391,0.2458233890214797,0.21429,0.2967,0.22263,0.11552,0.0,29.7,11.6,22.3,21.4,397
20669,Caguas,Caguas I,Pedro Millán Rivera,Primario,270,0.4468864468864469,0.63462,0.70968,0.50968,0.65161,0.0,71.0,65.2,51.0,63.5,279
20685,Caguas,Caguas I,Benita González Quiñones,Primario,202,0.4930232558139535,0.78125,0.53922,0.47059,0.61765,1.0,53.9,61.8,47.1,78.1,225
20727,Caguas,Caguas II,Cipriano Manrique,Primario,172,0.2598870056497175,1.0,0.84536,0.83505,0.94845,1.0,84.5,94.8,83.5,100.0,195
20735,Caguas,Caguas I,Diego Vázquez,Primario,165,0.2608695652173913,0.81579,0.65421,0.45794,0.56075,0.0,65.4,56.1,45.8,81.6,161
20776,Caguas,Caguas II,Antonio S. Pedreira (Pre-Tec),Primario,411,0.5795724465558195,0.34395,0.46135,0.26185,0.09975,1.0,46.1,10.0,26.2,34.4,403
20784,Caguas,Caguas I,Jesús T. Piñero,Primario,137,0.3356643356643357,0.13333,0.32653,0.14286,0.36735,0.0,32.7,36.7,14.3,13.3,120
20834,Caguas,Caguas II,Luis Muñoz Rivera,Primario,249,0.3399209486166007,0.70833,0.44068,0.22159,0.58757,1.0,44.1,58.8,22.2,70.8,350
20909,Caguas,Caguas II,Luis Ramos Gonzalez,Primario,377,0.5483091787439613,0.25234,0.20821,0.16765,0.04106,0.0,20.8,4.1,16.8,25.2,329
20941,Caguas,Caguas II,Paula Mojíca,Primario,140,0.4557823129251701,0.5,0.66667,0.66129,0.74603,0.0,66.7,74.6,66.1,50.0,138
20990,Caguas,Caguas II,Rosa C. Benítez,Primario,300,0.3703703703703703,0.78947,0.77246,0.6,0.78443,0.0,78.5,78.4,60.0,78.9,373
21006,Caguas,Caguas I,Francisco Valdés Rola,Primario,161,0.3294117647058823,1.0,0.70149,0.50746,0.61194,1.0,70.1,61.2,50.7,100.0,160
21022,Caguas,Caguas II,S. U. Sandalio Marcano,Primario,209,0.5796460176991151,0.45652,0.4359,0.31169,0.25,1.0,43.6,25.0,31.2,45.7,202
21063,Caguas,Caguas I,Pepita Garriga,Primario,175,0.1629213483146067,0.90244,0.73276,0.75862,0.66379,0.0,73.3,66.4,75.9,90.2,258
21089,Caguas,Cayey,Benigno Fernández García,Primario,344,0.2466124661246612,0.28358,0.41176,0.30189,0.08,0.0,41.2,8.0,30.2,28.4,468
21097,Caguas,Cayey,Benigno Carrión,Primario,385,0.2610837438423645,0.89231,0.67488,0.51724,0.83251,0.0,67.5,83.3,51.7,89.2,390
21188,Caguas,Cayey,Emérita León Elemental,Primario,369,0.2889390519187358,0.72464,0.63902,0.4604,0.67805,1.0,63.9,67.8,46.0,72.5,453
21212,Caguas,Cayey,S. U. Gerardo Selles Sola,Primario,367,0.15625,0.52128,0.4339,0.39932,0.30847,1.0,49.6,30.8,39.9,52.1,438
21352,Caguas,Cayey,S. U. Eugenio María de Hostos,Primario,215,0.3318965517241379,0.51111,0.48246,0.65179,0.44643,1.0,48.2,44.6,65.2,51.1,161
21493,Caguas,Cidra,Clemencia Meléndez,Primario,372,0.2487046632124352,0.62745,0.53309,0.29889,0.35294,1.0,53.3,35.3,29.9,62.7,389
21543,Caguas,Cidra,S. U. Certenejas II,Primario,438,0.2945054945054945,0.47967,0.56839,0.46951,0.30488,1.0,56.8,30.5,47.0,48.0,480
21659,Caguas,Cidra,S. U. Juan Stubbe,Primario,452,0.285097192224622,0.66935,0.51801,0.39889,0.42105,1.0,51.8,42.1,39.9,66.9,529
21865,Caguas,Comerío,S. U. Ramón Alejandro Ayala,Primario,401,0.2177985948477751,0.77143,0.51667,0.52667,0.46823,1.0,51.7,46.8,52.7,77.1,454
21873,Caguas,Comerío,S. U. Oscar Porrata Doria,Primario,206,0.167381974248927,0.97222,0.85586,0.9009,0.86486,0.0,85.6,86.5,90.1,97.2,163
21881,Caguas,Comerío,S. U. María C. Santiago,Primario,303,0.0401234567901234,0.33333,0.37452,0.16602,0.27413,1.0,37.5,27.4,16.6,33.3,350
22012,Caguas,Gurabo,Matías González García,Primario,455,0.2452025586353944,0.19672,0.29796,0.17791,0.0409,1.0,29.8,4.1,17.8,19.7,502
22020,Caguas,Gurabo,S. U. Vidal Serrano,Primario,201,0.3823529411764705,0.5,0.45789,0.33862,0.30688,0.0,45.8,30.7,33.9,50.0,250
22053,Caguas,Gurabo,Margarita Rivera de Janer,Primario,411,0.2366589327146171,0.46053,0.39764,0.3622,0.47244,1.0,39.8,47.2,36.2,46.1,479
22327,Humacao,San Lorenzo,Luis Muñoz Rivera,Primario,499,0.2203065134099616,0.47222,0.31359,0.2439,0.44444,1.0,31.4,44.4,24.4,47.2,563
22459,Humacao,San Lorenzo,S. U. Jagual Adentro,Primario,285,0.4065573770491803,0.31667,0.36628,0.16959,0.22093,0.0,36.6,22.1,17.0,31.7,270
22566,Humacao,San Lorenzo,S. U. Carlos Zayas,Primario,259,0.2264808362369338,0.32727,0.39487,0.2268,0.23077,0.0,39.5,23.1,22.7,23.1,280
23119,Caguas,Caguas II,Haydee Caballero,Primario,206,0.3568075117370892,0.31579,0.26899,0.2293,0.03797,1.0,26.9,3.8,22.9,31.6,364
23135,Caguas,Caguas II,Myrna M. Fuentes,Primario,233,0.224,0.47727,0.46528,0.39437,0.54545,0.0,46.5,54.5,39.4,47.7,287
23143,Caguas,Caguas II,Concepción Méndez Cano,Primario,206,0.5071090047393365,0.24324,0.30275,0.22222,0.27778,1.0,30.3,27.8,22.2,24.3,193
23259,Caguas,Caguas II,Charles E. Miner,Primario,132,0.4333333333333333,0.6,0.62698,0.24603,0.64286,1.0,62.7,64.3,24.6,60.0,233
23309,Humacao,San Lorenzo,Generoso Morales Muñoz,Primario,235,0.032520325203252,0.28283,0.3245,0.19333,0.00664,0.0,32.5,0.7,19.3,28.3,325
23515,Caguas,Caguas II,Justina Vázquez Mendoza,Primario,177,0.2741935483870967,0.86047,0.5082,0.38525,0.55738,0.0,50.8,55.7,38.5,86.0,204
23655,Caguas,Comerío,Inés María Mendoza,Primario,165,0.4319526627218935,1.0,0.68675,0.74699,0.66265,0.0,68.7,66.3,74.7,100.0,225
24612,Caguas,Gurabo,Villa Marina,Primario,271,0.3298611111111111,0.7381,0.62602,0.48361,0.6748,0.0,62.6,67.5,48.4,73.8,267
24661,Caguas,Arroyo,José M. Massari,Primario,221,0.3401639344262295,0.30667,0.325,0.22613,0.22,0.0,32.5,22.0,22.6,30.7,248
24752,Caguas,Arroyo,José Horacio Cora,Primario,215,0.2110091743119266,0.43956,0.36607,0.19196,0.03125,0.0,36.6,3.1,19.2,44.0,224
24760,Caguas,Guayama,Vicente Palés Anes,Primario,142,0.2137931034482758,0.26316,0.33333,0.21212,0.39394,1.0,33.3,39.4,21.2,26.3,119
24927,Caguas,Guayama,Rafael Antonio Delgado Mateo,Primario,212,0.2705882352941176,0.30769,0.27551,0.26531,0.44898,0.0,27.6,44.9,26.5,30.8,237
24950,Caguas,Guayama,Oscar Hernández Guevara,Primario,300,0.4430379746835443,0.43077,0.45918,0.48469,0.50256,1.0,45.9,50.3,48.5,43.1,367
25007,Caguas,Guayama,S. U. Juan Alemañy Silva,Primario,148,0.0974025974025974,0.43636,0.42,0.21333,0.20667,0.0,42.0,20.7,21.3,43.6,201
25023,Humacao,Patillas,María Dávila Semidey,Primario,277,0.296028880866426,0.72917,0.69091,0.82927,0.54545,1.0,69.1,54.5,82.9,72.9,302
25031,Humacao,Patillas,Josefina Muñoz de Bernier,Primario,223,0.4745762711864407,0.25688,0.2628,0.28082,0.07509,0.0,26.3,7.5,28.1,25.7,295
25049,Humacao,Patillas,Cecilio Lebrón Ramos,Primario,285,0.2114093959731543,0.56604,0.49727,0.31148,0.60656,1.0,49.7,60.7,31.1,56.6,329
25197,Humacao,Patillas,Guillermo Riefkhol,Primario,132,0.2573529411764705,0.38889,0.2931,0.22807,0.36207,0.0,29.3,36.2,22.8,38.9,148
25239,Humacao,Patillas,S. U. Joaquín Parrilla,Primario,274,0.3576388888888889,0.46429,0.45128,0.73333,0.52308,1.0,45.1,52.3,73.3,46.4,278
25312,Caguas,Guayama,Simón Madera,Primario,365,0.0496083550913838,0.66667,0.59641,0.75225,0.38288,0.0,59.6,38.3,75.2,66.7,304
25619,Caguas,Caguas I,Felipe Rivera Centeno,Primario,395,0.1865671641791045,0.36641,0.44751,0.32687,0.02778,0.0,44.8,2.8,32.7,36.6,347
25627,Caguas,Cayey,Dr. Ramón Emeterio Betances,Primario,385,0.1588089330024814,0.36875,0.3817,0.28795,0.08705,0.0,38.2,8.7,28.8,36.9,469
25783,Caguas,Aguas Buenas,Luis Muñoz Marín,Primario,239,0.3003663003663003,0.40816,0.39655,0.32184,0.45977,1.0,39.7,46.0,32.2,40.8,348
25932,Caguas,Caguas I,Pepita Arenas,Primario,212,0.0991379310344827,0.78723,0.53659,0.43902,0.58537,0.0,53.7,58.5,43.9,78.7,258
26005,Caguas,Comerío,Luis Muñoz Marín,Primario,202,0.1067961165048543,0.22222,0.49383,0.41079,0.2562,0.0,49.4,25.6,41.1,22.2,241
26153,Caguas,Arroyo,Dolores González,Primario,130,0.3071895424836601,0.73913,0.33333,0.68421,0.45614,1.0,33.3,45.6,68.4,73.9,115
26500,Caguas,Guayama,Washington I,Primario,301,0.5015479876160991,0.73134,0.75897,0.45078,0.73196,1.0,75.9,73.2,45.1,73.1,415
26765,Caguas,Gurabo,S. U. Josefina Sitiriche,Primario,231,0.3386454183266932,0.57746,0.45946,0.23913,0.45405,1.0,45.9,45.4,23.9,57.7,338
27078,Caguas,Caguas II,Inés María Mendoza,Primario,182,0.2979797979797979,0.76471,0.50943,0.33333,0.54717,0.0,50.9,54.7,33.3,76.5,212
27318,Caguas,Guayama,Francisco García Boyrie,Primario,386,0.3865336658354115,0.36957,0.37417,0.31148,0.25,0.0,37.4,25.0,31.1,37.0,370
27383,Caguas,Cayey,Virginia Vázquez Mendoza,Primario,356,0.2282608695652173,0.91667,0.59901,0.4596,0.62189,1.0,59.9,62.2,46.0,91.7,449
27599,Caguas,Aibonito,Federico Degetau II,Primario,274,0.4350877192982456,0.70455,0.58929,0.41071,0.71429,0.0,58.9,71.4,41.1,70.5,314
27607,Humacao,San Lorenzo,Dra. María T. Delgado de Marcano,Primario,527,0.1084558823529411,0.46575,0.48046,0.32719,0.26037,0.0,48.0,26.0,32.7,46.6,578
27714,Caguas,Arroyo,Adalberto Sánchez Morales,Primario,282,0.196875,0.78689,0.74138,0.93103,0.87931,0.0,74.1,87.9,93.1,78.7,341
28076,Caguas,Aibonito,Dra. Carmendelia Colón Martínez,Primario,350,0.1033519553072625,0.58065,0.42593,0.40149,0.35556,0.0,42.6,35.6,40.1,58.1,400
28084,Caguas,Cayey,Salvador Brau Elemental,Primario,254,0.3142857142857143,0.53623,0.375,0.32813,0.45833,0.0,37.5,45.8,32.8,53.6,345
28100,Caguas,Comerío,Claudio Ferre Cotto,Primario,147,0.3095238095238095,0.51724,0.54902,0.5,0.62376,1.0,54.9,62.4,50.0,51.7,181
28365,Caguas,Cidra,Regino Vega Martínez,Primario,301,0.422360248447205,0.6,0.52695,0.28485,0.52096,0.0,52.7,52.1,28.5,60.0,340
28456,Caguas,Barranquitas,Intermedia Bo. Quebradillas,Primario,460,0.1549893842887473,0.64865,0.66983,0.68258,0.42959,1.0,67.0,43.0,68.3,64.9,494
28548,Caguas,Cidra,Violeta Reyes Pérez,Primario,550,0.5086505190311419,0.50336,0.49614,0.41969,0.3866,1.0,49.6,38.7,42.0,50.3,621
28555,Caguas,Cidra,Ernesto Vicente Carattini,Primario,184,0.0833333333333333,0.66667,0.73958,0.44792,0.67708,1.0,74.0,67.7,44.8,66.7,177
30148,Humacao,Fajardo,Antonio Valero Bernabé,Primario,240,0.508,0.11111,0.20861,0.16447,0.0,0.0,20.9,0.0,16.4,11.1,332
30189,Humacao,Fajardo,Inés Encarnación,Primario,177,0.425,0.68,0.55696,0.70886,0.64557,0.0,55.7,64.6,70.9,68.0,174
30197,Humacao,Fajardo,Gabino Soto,Primario,198,0.4669603524229075,0.77273,0.7767,0.51961,0.81188,1.0,77.7,81.2,52.0,77.3,233
30221,Humacao,Fajardo,María I. Dones,Primario,98,0.4,0.90909,0.72093,0.72093,0.72093,0.0,72.1,72.1,72.1,90.9,74
30239,Humacao,Fajardo,Ramón Quiñones Pacheco,Primario,275,0.2150170648464164,0.92105,0.69091,0.44242,0.69091,1.0,69.1,69.1,44.2,92.1,324
30304,Humacao,Humacao,Cándido Berrios,Primario,262,0.2888888888888888,0.53333,0.62162,0.26712,0.54795,1.0,62.2,54.8,26.7,53.3,265
30429,Humacao,Humacao,Braulio Ayala Pérez,Primario,117,0.3359375,0.75758,0.84416,0.61039,0.7013,0.0,84.4,70.1,61.0,75.8,161
30502,Humacao,Humacao,Carmen Pilar Santos,Primario,195,0.4803921568627451,0.54167,0.30709,0.17323,0.37795,0.0,30.7,37.8,17.3,54.2,220
30643,Humacao,Juncos,Pedro Bosch,Primario,336,0.4431818181818182,0.28235,0.31224,0.26582,0.16949,0.0,31.2,16.9,26.6,28.2,303
30734,Humacao,Juncos,Juan A. Sánchez,Primario,317,0.43125,0.875,0.73643,0.60317,0.625,0.0,73.6,62.5,60.3,87.5,262
30742,Humacao,Juncos,S. U. Clara M. Aramburu,Primario,414,0.3034482758620689,0.32414,0.38168,0.30357,0.19898,1.0,38.2,19.9,30.4,32.4,503
30759,Humacao,Juncos,S. U. Pedro Rivera Molina,Primario,597,0.3240131578947368,0.42045,0.40854,0.32927,0.25761,0.0,40.9,25.8,32.9,42.0,656
30791,Humacao,Juncos,Carmen Arzuaga de Rivera,Primario,217,0.4060150375939849,0.54902,0.48026,0.45395,0.55263,0.0,48.0,55.3,45.4,54.9,288
30841,Humacao,Las Piedras,Carmen Benítez,Primario,340,0.1875,0.32727,0.37198,0.2402,0.33173,1.0,37.2,33.2,24.0,32.7,377
30874,Humacao,Las Piedras,José de Diego,Primario,238,0.22568093385214,0.77273,0.60417,0.35417,0.5625,0.0,60.4,56.3,35.4,77.3,236
30916,Humacao,Las Piedras,La Fermina,Primario,286,0.3657718120805369,0.83333,0.70199,0.55629,0.72185,0.0,70.2,72.2,55.6,83.3,274
30924,Humacao,Las Piedras,Luis Muñoz Rivera,Primario,225,0.3803418803418803,0.56818,0.58772,0.40351,0.52632,1.0,58.8,52.6,40.4,56.8,214
31054,Humacao,Canóvanas,Antonio R. Barceló,Primario,455,0.2928870292887029,0.22963,0.25445,0.1688,0.09694,1.0,25.4,9.7,16.9,23.0,525
31070,Humacao,Canóvanas,José Calzada Ferrer,Primario,267,0.364516129032258,0.40909,0.21762,0.10363,0.15625,1.0,21.8,15.6,10.4,40.9,303
31245,Humacao,Loíza,Medianía Alta Elemental,Primario,396,0.2469733656174334,0.90244,0.54613,0.67528,0.58672,1.0,54.6,58.7,67.5,90.2,511
31252,Humacao,Loíza,Jobos,Primario,271,0.2592592592592592,0.16216,0.2069,0.06957,0.2931,1.0,20.7,29.3,7.0,16.2,269
31286,Humacao,Canóvanas,Dr. Pedro Albizu Campos,Primario,264,0.370242214532872,0.11111,0.28571,0.19444,0.33702,0.0,28.6,33.7,19.4,11.1,354
31302,Humacao,Luquillo,Rafael N. Coca,Primario,303,0.1176470588235294,0.26154,0.33799,0.28212,0.01961,0.0,33.8,2.0,28.2,26.2,385
31393,Humacao,Luquillo,S. U. Sabana (S. U. Alejandrina Ríos),Primario,171,0.2346368715083799,0.86111,0.69091,0.53211,0.65138,1.0,69.1,65.1,53.2,86.1,202
31427,Humacao,Maunabo,S. U. Higinio Figueroa Villegas,Primario,345,0.178470254957507,0.37037,0.3959,0.27891,0.20819,0.0,39.6,20.8,27.9,37.0,379
31534,Humacao,Maunabo,Manuel Ortiz Suya,Primario,108,0.1565217391304348,0.5,0.24528,0.13208,0.37736,1.0,24.5,37.7,13.2,50.0,117
31583,Humacao,Naguabo,Lutgarda Rivera Reyes,Primario,226,0.2489795918367346,0.36585,0.28472,0.38889,0.11806,1.0,28.5,11.8,38.9,36.6,242
31609,Humacao,Naguabo,Quebrada Grande,Primario,207,0.1917808219178082,0.88571,0.87387,0.82883,0.95495,1.0,87.4,95.5,82.9,88.6,214
31617,Humacao,Naguabo,Eugenio Brac,Primario,232,0.384,0.91111,0.66129,0.79839,0.75806,0.0,66.1,75.8,79.8,91.1,251
32227,Humacao,Río Grande,Liberata Iraldo (Nueva),Primario,403,0.1740196078431372,0.17834,0.33879,0.28972,0.11007,0.0,33.9,11.0,29.0,17.8,422
32243,Humacao,Río Grande,Rafael de Jesús,Primario,238,0.6111111111111112,0.875,0.64118,0.88889,0.59649,0.0,64.1,59.6,88.9,87.5,317
32268,Humacao,Río Grande,Rafael Rexach Dueño,Primario,239,0.5425101214574899,0.88636,0.90511,0.78832,0.90511,0.0,90.5,90.5,78.8,88.6,271
32367,Humacao,Vieques,Playa Grande,Primario,215,0.175438596491228,0.09677,0.10309,0.07292,0.10309,1.0,10.3,10.3,7.3,9.7,235
32433,Humacao,Yabucoa,S. U. Asunción Lugo,Primario,223,0.1687763713080168,0.41379,0.34194,0.24516,0.2,1.0,34.2,20.0,24.5,41.4,222
32458,Humacao,Yabucoa,S. U. Rogelio Rosado,Primario,194,0.233502538071066,0.33333,0.35912,0.21229,0.13408,0.0,35.9,13.4,21.2,33.3,219
32524,Humacao,Yabucoa,Marta Sánchez,Primario,124,0.4244604316546763,0.26316,0.4375,0.29688,0.375,0.0,43.8,37.5,29.7,26.3,144
32532,Humacao,Yabucoa,Rosa Costa Valdivieso,Primario,136,0.2377622377622377,0.26923,0.30213,0.20172,0.02991,1.0,30.2,3.0,20.2,26.9,244
32540,Humacao,Yabucoa,S. U. Manuel Ortiz,Primario,178,0.2010869565217391,0.74074,0.8046,0.5977,0.62069,0.0,80.5,62.1,59.8,74.1,111
32680,Humacao,Yabucoa,S. U. Andrés Sandín,Primario,544,0.1464737793851717,0.32484,0.3191,0.20946,0.14382,1.0,31.9,14.4,20.9,32.5,547
32714,Humacao,Yabucoa,Cristóbal del Campo,Primario,250,0.0988593155893536,0.67347,0.42647,0.11111,0.57353,1.0,42.6,57.4,11.1,67.3,270
32748,Humacao,Yabucoa,S. U. Jesús T. Sanabria Cruz,Primario,234,0.2090163934426229,0.61972,0.60909,0.53182,0.40455,0.0,60.9,40.5,53.2,62.0,300
32763,Humacao,Yabucoa,Jaime C. Rodríguez,Primario,138,0.0410958904109589,0.63636,0.46341,0.31707,0.43902,0.0,46.3,43.9,31.7,63.9,175
32979,Humacao,Juncos,Alfonso Díaz Lebrón,Primario,300,0.3730407523510972,0.23485,0.25414,0.18384,0.01662,1.0,25.4,1.7,18.4,23.5,374
33225,Humacao,Naguabo,Fidelina Meléndez Monsanto,Primario,219,0.1106382978723404,0.79775,0.50562,0.56554,0.45693,0.0,50.6,45.7,56.6,79.8,274
33274,Humacao,Fajardo,Berta Zalduondo,Primario,340,0.1620879120879121,0.91045,0.80208,0.72105,0.86387,0.0,80.2,86.4,72.1,91.0,360
33308,Humacao,Humacao,Rufino Vigo,Primario,220,0.2975206611570248,0.53061,0.57364,0.25781,0.64341,0.0,57.4,64.3,25.8,53.1,286
33563,Humacao,Canóvanas,Juana Rodríguez Mundo,Primario,348,0.1171875,0.94,0.52518,0.48201,0.63309,1.0,52.5,63.3,48.2,94.0,348
33647,Humacao,Río Grande,Antera Rosado Fuentes,Primario,445,0.0475161987041036,0.63158,0.74742,0.76684,0.7513,0.0,74.7,75.1,76.7,63.2,383
33936,Humacao,Luquillo,Camilo Valles Matienzo,Primario,346,0.2015915119363395,0.59677,0.75,0.70588,0.72059,1.0,75.0,72.1,70.6,59.7,433
34199,Humacao,Humacao,S. U. Agapito López Flores,Primario,371,0.5168831168831168,0.23932,0.22222,0.16918,0.07251,1.0,22.2,7.3,16.9,23.9,448
34207,Humacao,Canóvanas,José Santos Quiñones,Primario,179,0.3560209424083769,0.08696,0.29661,0.21459,0.08051,0.0,29.7,8.1,21.5,8.7,245
34272,Humacao,Loíza,Guillermina Rosado de Ayala,Primario,610,0.3073394495412844,0.39568,0.44591,0.34301,0.31926,0.0,44.6,31.9,34.3,39.6,513
34314,Humacao,Río Grande,Edmundo del Valle Cruz,Primario,251,0.3082706766917293,0.4,0.32984,0.62366,0.36316,1.0,33.0,36.3,62.4,40.0,425
34348,Humacao,Fajardo,Josefina Ferrero,Primario,344,0.1792717086834734,0.39316,0.47493,0.35312,0.27381,0.0,47.5,27.4,35.3,39.3,344
34355,Humacao,Las Piedras,Santiago Torres,Primario,275,0.2736842105263158,0.22131,0.35,0.30861,0.02941,0.0,35.0,2.9,30.9,22.1,351
34462,Humacao,Ceiba,Intermedia Nueva,Primario,285,0.1081081081081081,0.18033,0.26733,0.26733,0.0231,0.0,26.7,2.3,26.7,18.0,309
34769,Humacao,Fajardo,Rosa Pascuala Paris,Primario,204,0.3818181818181818,0.65789,0.59292,0.65487,0.61947,0.0,59.3,61.9,65.5,65.8,226
34777,Humacao,Juncos,José A. López Castro,Primario,161,0.2329545454545454,0.375,0.14599,0.04412,0.18978,1.0,14.6,19.0,4.4,37.5,267
34793,Humacao,Loíza,Celso Gonzalez Vaillant,Primario,338,0.4532577903682719,0.33333,0.57143,0.44643,0.50595,1.0,57.1,50.6,44.6,33.3,386
35014,Humacao,Naguabo,S. U. Silverio García,Primario,272,0.25177304964539,0.25,0.31274,0.25194,0.22008,1.0,31.3,22.0,25.2,25.0,335
35071,Humacao,Humacao,Luz A. Cruz de Santana,Primario,370,0.1465968586387434,0.94915,0.73846,0.90722,0.85052,1.0,73.8,85.1,90.7,94.9,366
35295,Humacao,Vieques,20 de septiembre de 1988,Primario,184,0.1443850267379679,0.15068,0.21026,0.15104,0.02051,1.0,21.0,2.1,15.1,15.1,210
35360,Humacao,Humacao,Lidia Fiol Scarano,Primario,320,0.3128491620111732,0.90909,0.76163,0.74251,0.76023,0.0,76.2,76.0,64.3,90.9,340
35493,Humacao,Las Piedras,Leonicio Meléndez,Primario,389,0.3050847457627119,0.1573,0.31095,0.21201,0.07394,0.0,31.1,7.4,21.2,15.7,278
35535,Humacao,Río Grande,Félix Sánchez Cruz,Primario,270,0.0782918149466192,0.73077,0.57229,0.46386,0.6747,0.0,57.2,67.5,46.4,73.1,310
35774,Humacao,Humacao,Antonio Rosa Guzmán (Nueva),Primario,291,0.423841059602649,0.86,0.63462,0.66026,0.62179,1.0,63.5,62.2,66.0,86.0,322
35840,Humacao,Vieques,María M. Simmons de Rivera,Primario,190,0.24,0.24138,0.13462,0.13592,0.16346,1.0,13.5,16.3,13.6,24.1,207
35899,Humacao,Maunabo,Wilfredo Lafuente Ortiz,Primario,223,0.0630252100840336,0.32857,0.2337,0.14208,0.11413,0.0,23.4,11.4,14.2,32.9,258
35907,Humacao,Ceiba,Don Luis Muñoz Marín,Primario,386,0.1052631578947368,0.49231,0.30542,0.33,0.33333,1.0,30.5,33.3,33.0,49.2,435
35923,Humacao,Canóvanas,Elemental Barrio las 400,Primario,189,0.1274509803921568,0.57576,0.44954,0.45872,0.25688,0.0,45.0,25.7,45.9,57.6,160
35964,Humacao,Río Grande,Carmen Feliciano Carrera,Primario,336,0.2464183381088825,0.18644,0.37838,0.28228,0.09309,1.0,37.8,9.3,28.2,18.6,336
36046,Humacao,Loíza,S. U. Nueva Bo. Medianía,Primario,333,0.4901408450704225,0.18519,0.19962,0.12928,0.01901,1.0,20.0,1.9,12.9,18.5,542
36327,Humacao,Juncos,Roberto Silva Morales,Primario,299,0.3246753246753247,0.5,0.52349,0.37162,0.5302,0.0,52.3,53.0,37.2,50.0,371
40030,Mayagüez,Aguada,S. U. Juan B. Soto,Primario,276,0.3378839590443686,0.67213,0.6,0.65882,0.50588,0.0,60.0,50.6,65.9,67.2,260
40121,Mayagüez,Aguada,José González Ruiz,Primario,140,0.2837837837837837,1.0,0.68966,0.7069,0.89655,0.0,69.0,89.7,70.7,100.0,104
40139,Mayagüez,Aguada,Anselmo Villarrubia,Primario,211,0.041860465116279,0.59574,0.57353,0.58824,0.69118,0.0,57.4,69.1,58.8,59.6,262
40147,Mayagüez,Aguada,Aquilino Cabán,Primario,481,0.204868154158215,0.40698,0.46845,0.44769,0.23786,0.0,46.8,23.8,44.8,40.7,526
40204,Mayagüez,Aguada,Juan Lino Santiago,Primario,546,0.1441281138790035,0.80263,0.74237,0.81293,0.71088,0.0,74.2,71.1,81.3,80.3,562
40220,Mayagüez,Aguada,S. U. Epifanio Estrada,Primario,529,0.3644524236983842,0.46108,0.5042,0.54449,0.22199,0.0,50.4,22.2,54.4,46.1,728
40295,Mayagüez,Aguadilla,Homero Rivera Solá,Primario,272,0.4483985765124555,0.72727,0.61039,0.72727,0.83117,1.0,61.0,83.1,72.7,72.7,305
40378,Mayagüez,Aguadilla,José de Diego,Primario,254,0.6119402985074627,0.38462,0.27984,0.35802,0.25714,1.0,28.0,25.7,35.8,38.5,327
40469,Mayagüez,Aguadilla,S. U. Conchita Igartúa de Suárez,Primario,819,0.2582857142857143,0.64088,0.50877,0.47452,0.33568,1.0,50.9,33.6,47.5,64.1,814
40477,Mayagüez,Aguadilla,Luis Muñoz Rivera,Primario,245,0.4941634241245136,0.67797,0.38037,0.39264,0.52761,1.0,38.0,52.8,39.3,67.8,311
40493,Mayagüez,Aguadilla,Ana María Javariz,Primario,271,0.6206896551724138,0.84783,0.7972,0.8042,0.78322,1.0,79.7,78.3,80.4,84.8,311
40527,Mayagüez,Añasco,Antonio González Suárez,Primario,311,0.0673076923076923,0.79592,0.71895,0.75163,0.75163,0.0,71.9,75.2,75.2,79.6,325
40626,Mayagüez,Añasco,Espino,Primario,236,0.0206611570247933,0.8,0.56098,0.57724,0.6748,0.0,56.1,67.5,57.7,80.0,246
40667,Mayagüez,Añasco,Isabel Suárez,Primario,347,0.403954802259887,0.50725,0.47632,0.55263,0.04737,0.0,47.6,4.7,55.3,50.7,412
40915,Mayagüez,Cabo Rojo,James Garfield,Primario,265,0.1837455830388692,0.575,0.71171,0.75676,0.71171,0.0,71.2,71.2,75.7,57.5,275
40980,Mayagüez,Cabo Rojo,Pedro Nelson Colberg,Primario,279,0.2418300653594771,0.38372,0.43273,0.36496,0.09818,0.0,43.3,9.8,36.5,38.4,299
41004,Mayagüez,Cabo Rojo,S. U. Carmen Vignals Rosario,Primario,254,0.2322097378277153,0.33333,0.40756,0.34746,0.17722,1.0,40.8,17.7,34.7,33.3,345
41012,Mayagüez,Cabo Rojo,S. U. Federico Degetau,Primario,336,0.3454038997214484,0.5,0.50213,0.46809,0.25532,0.0,50.2,25.5,46.8,50.0,327
41020,Mayagüez,Cabo Rojo,S. U. Antonio Acarón Correa,Primario,331,0.2470588235294117,0.56,0.51128,0.40977,0.2406,0.0,51.1,24.1,41.0,56.0,343
41541,Mayagüez,Lajas,Luis Muñoz Rivera,Primario,381,0.0396039603960396,0.34545,0.40647,0.30716,0.06713,0.0,40.6,6.7,30.7,34.5,443
41566,Mayagüez,Lajas,Rosendo Matienzo Cintrón,Primario,178,0.2864321608040201,0.92308,0.64655,0.67521,0.64957,1.0,64.7,65.0,67.5,92.3,200
41582,Mayagüez,Lajas,S. U. Juan Cancio Ortiz de la Renta,Primario,402,0.3265765765765765,0.4086,0.26471,0.32119,0.31475,0.0,26.5,31.5,32.1,40.9,442
41632,Mayagüez,Las Marías,Bryan,Primario,87,0.064516129032258,1.0,0.77083,0.875,0.72917,0.0,77.1,72.9,87.5,100.0,84
41699,Mayagüez,Las Marías,Dr. Silverio Medina Gaud,Primario,74,0.1139240506329113,0.57143,0.31915,0.23404,0.51064,1.0,31.9,51.1,23.4,57.1,96
41814,Mayagüez,Las Marías,S. U. Lauro González Hijo,Primario,200,0.3287671232876712,0.73684,0.54483,0.41379,0.44828,0.0,54.5,44.8,41.4,73.7,224
41913,Mayagüez,Maricao,Indiera Fría,Primario,58,0.1525423728813559,0.8,0.80769,0.76923,0.73077,0.0,80.8,73.1,76.9,80.0,61
41921,Mayagüez,Maricao,Raúl Ybarra,Primario,204,0.4481132075471698,0.32394,0.2905,0.24022,0.26257,1.0,29.1,26.3,24.0,32.4,241
42085,Mayagüez,Mayagüez,Segundo Ruiz Belvís,Primario,182,0.5746606334841629,0.55556,0.47126,0.1954,0.45977,0.0,47.1,46.0,19.5,55.6,197
42176,Mayagüez,Mayagüez,José Gautier Benítez,Primario,372,0.568922305764411,0.23256,0.2862,0.32095,0.22483,1.0,28.6,2.5,32.1,23.3,399
42242,Mayagüez,Mayagüez,Luis Muñoz Rivera,Primario,246,0.1335740072202166,0.61702,0.40299,0.44776,0.5597,1.0,40.3,56.0,44.8,61.7,273
42259,Mayagüez,Mayagüez,Olga Mas Ramírez,Primario,170,0.1555555555555555,0.6875,0.33636,0.20909,0.47273,0.0,33.6,47.3,20.9,68.8,215
42267,Mayagüez,Mayagüez,Manuel A. Barreto,Primario,443,0.463265306122449,0.28986,0.30946,0.27132,0.16237,1.0,30.9,16.2,27.1,29.0,546
42283,Mayagüez,Mayagüez,Mariano Riera Palmer,Primario,247,0.4153846153846154,0.82222,0.44366,0.39286,0.59574,0.0,44.4,59.6,39.3,82.2,287
42390,Mayagüez,Mayagüez,Rafael Martínez Nadal,Primario,240,0.2754716981132075,0.90323,0.53271,0.625,0.51402,0.0,53.3,51.4,62.5,90.3,260
42473,Mayagüez,Moca,Adolfo Babilonia,Primario,351,0.3160762942779291,0.67089,0.56967,0.56379,0.60246,1.0,57.0,60.2,56.4,67.1,435
42572,Mayagüez,Moca,Cerro Gordo Medina,Primario,199,0.1690140845070422,0.8,0.91176,0.76471,0.86765,0.0,91.2,86.8,76.5,80.0,173
42770,Mayagüez,Moca,Tomás Vera Ayala,Primario,175,0.1538461538461538,0.95652,0.84416,0.79221,0.92208,0.0,84.4,92.2,79.2,95.7,176
42804,Mayagüez,Moca,Juan de Dios Quiñones,Primario,194,0.2761904761904762,0.72549,0.55901,0.62112,0.65839,0.0,55.9,65.8,62.1,72.5,257
42911,Mayagüez,Rincón,Conrado Rodríguez,Primario,212,0.145374449339207,0.71795,0.63551,0.73832,0.71028,1.0,63.6,71.0,73.8,71.8,197
42945,Mayagüez,Rincón,Manuel González Melo,Primario,550,0.1836007130124777,0.50685,0.49783,0.57391,0.31522,1.0,49.8,31.5,57.4,50.7,589
42952,Mayagüez,Sabana Grande,S. U. David Antongiorgi Córdova,Primario,483,0.214859437751004,0.71429,0.71564,0.689,0.41805,0.0,71.6,41.8,68.9,71.4,597
43018,Mayagüez,Sabana Grande,José R. Gaztambide,Primario,234,0.3745019920318725,0.48837,0.44167,0.3,0.46667,1.0,44.2,46.7,30.0,48.8,278
43224,Mayagüez,San Germán,Julio V. Guzmán,Primario,439,0.3340122199592668,0.38919,0.35397,0.27043,0.10445,1.0,35.4,10.4,27.0,38.9,653
43257,Mayagüez,San Germán,Georgina Alvarado,Primario,157,0.3908045977011494,0.64,0.77381,0.70238,0.70238,1.0,77.4,70.2,70.2,64.0,188
43273,Mayagüez,San Germán,Bartolomé de las Casas,Primario,151,0.1358024691358024,0.5,0.50943,0.41346,0.36538,0.0,50.9,36.5,41.3,50.0,204
43299,Mayagüez,San Germán,Mariano Abril,Primario,99,0.3783783783783784,0.9375,0.82222,0.73333,0.77778,0.0,82.2,77.8,73.3,93.8,90
43307,Mayagüez,San Germán,Herminia C. Ramírez,Primario,225,0.0210084033613445,1.0,0.95918,0.9898,0.94898,1.0,95.9,94.9,99.0,100.0,226
43323,Mayagüez,San Germán,Henry W. Longfellow,Primario,327,0.1369047619047619,0.97727,0.88276,0.93056,0.91034,1.0,88.3,91.0,93.1,97.7,364
43398,Mayagüez,San Germán,S. U. Francisco María Quiñones,Primario,436,0.4170506912442396,0.35616,0.52778,0.35341,0.24701,0.0,52.8,24.7,35.3,35.6,327
43505,Mayagüez,San Sebastían,Áurea Fuentes Méndez,Primario,139,0.3741935483870968,0.43333,0.34091,0.22222,0.35227,1.0,34.1,35.2,22.2,43.3,187
43729,Mayagüez,San Sebastían,S. U. Bernaldo Méndez Jiménez,Primario,292,0.6942675159235668,0.43902,0.41392,0.36765,0.24632,1.0,41.4,24.6,36.8,43.9,329
43745,Mayagüez,San Sebastían,S. U. Maximino A Salas,Primario,309,0.3777089783281733,0.53165,0.48035,0.43668,0.52838,0.0,48.0,52.8,43.7,53.2,288
43752,Mayagüez,San Sebastían,S. U. Carmelo Serrano Cubano,Primario,406,0.1495535714285714,0.64348,0.54422,0.54422,0.29932,0.0,54.4,29.9,54.4,64.3,395
43794,Mayagüez,San Sebastían,Ramón María Torres,Primario,315,0.4236760124610592,0.61905,0.4181,0.43966,0.48485,1.0,41.8,48.5,44.0,61.9,388
44511,Mayagüez,Cabo Rojo,Sebastián Pabón Alves (Corozo),Primario,74,0.2564102564102564,0.80952,0.71875,0.64063,0.75,0.0,71.9,75.0,64.1,81.0,105
44529,Mayagüez,Lajas,Ramón Olivares,Primario,212,0.3524229074889868,0.71429,0.70115,0.72414,0.8046,0.0,70.1,80.5,72.4,71.4,196
44545,Mayagüez,Mayagüez,María Dolores Faria,Primario,298,0.4076433121019108,0.09722,0.16244,0.07143,0.12245,0.0,16.2,12.2,7.1,9.7,337
44842,Mayagüez,Mayagüez,María Luisa Arcelay,Primario,92,0.7572815533980582,1.0,0.82,0.94,0.88,0.0,82.0,88.0,94.0,100.0,119
44891,Mayagüez,Hormigueros,S. U. Alfredo Dorrington,Primario,494,0.2621722846441947,0.23214,0.33699,0.26575,0.25479,1.0,33.7,25.5,26.6,23.2,504
45393,Mayagüez,Sabana Grande,Blanca Malaret,Primario,574,0.2303754266211604,0.50282,0.49527,0.36484,0.30435,1.0,49.5,30.4,36.5,50.3,719
45641,Mayagüez,Maricao,La Carmen,Primario,76,0.1604938271604938,0.57143,0.5814,0.74419,0.46512,0.0,58.1,46.5,74.4,57.1,92
45955,Mayagüez,Mayagüez,Elpidio H. Rivera,Primario,604,0.4153094462540717,0.19767,0.258,0.20304,0.12689,1.0,25.8,12.7,20.3,19.8,674
46052,Mayagüez,Hormigueros,Ramón E. Rodríguez Díaz,Primario,506,0.1747747747747747,0.42208,0.41235,0.28427,0.122,1.0,41.2,12.2,28.4,42.2,582
46334,Mayagüez,Moca,Marcelino Rodríguez,Primario,224,0.2773109243697479,0.17105,0.28235,0.264,0.03137,0.0,28.2,3.1,26.4,17.1,260
46664,Mayagüez,Aguadilla,Ester Feliciano Mendoza,Primario,392,0.4962962962962963,0.29927,0.32199,0.44385,0.24011,1.0,32.2,24.0,44.4,29.9,395
46672,Mayagüez,Aguadilla,Antonio Badillo Hernández,Primario,459,0.446215139442231,0.27419,0.33051,0.3125,0.28169,0.0,33.1,28.2,31.3,27.4,526
46805,Mayagüez,San Sebastían,Ernestina Méndez de Echeandía,Primario,503,0.3934108527131782,0.29442,0.3858,0.32375,0.04537,0.0,38.6,4.5,32.4,29.4,537
46813,Mayagüez,Aguada,Lydia Meléndez,Primario,201,0.2718446601941747,0.36957,0.36641,0.32061,0.43077,1.0,36.6,43.1,32.1,37.0,241
47084,Mayagüez,Mayagüez,Esteban Rosado Báez,Primario,314,0.3130699088145897,0.5534,0.40439,0.44969,0.48113,0.0,40.4,48.1,45.0,55.3,395
47357,Mayagüez,Cabo Rojo,Severo E. Colberg Ramírez,Primario,323,0.3115727002967359,0.52381,0.38722,0.28195,0.46067,0.0,38.7,46.1,28.2,52.4,495
47571,Mayagüez,Mayagüez,Rio Cañas Abajo,Primario,246,0.3369565217391304,0.50746,0.35749,0.18447,0.23301,0.0,35.7,23.3,18.4,50.7,293
47613,Mayagüez,Añasco,Carmen Casasus Martí,Primario,315,0.2171253822629969,0.61446,0.636,0.4879,0.604,1.0,63.6,60.4,48.8,61.4,410
47977,Mayagüez,Las Marías,Eugenio María de Hostos (Intermedia),Primario,473,0.1428571428571428,0.4661,0.39394,0.1511,0.18733,0.0,39.4,18.7,15.1,46.6,532
48017,Mayagüez,Hormigueros,Escuela Elemental Nueva,Primario,334,0.1852861035422343,0.91228,0.69189,0.88649,0.86486,1.0,69.2,86.5,88.6,91.2,347
48025,Mayagüez,San Sebastían,Aurora Méndez Charneco,Primario,277,0.3812709030100334,0.49275,0.32584,0.23034,0.46629,0.0,32.6,46.6,23.0,49.3,410
48306,Mayagüez,Cabo Rojo,S. U. Bo. Puerto Real,Primario,270,0.5087108013937283,0.24706,0.36032,0.26423,0.24797,0.0,36.0,24.8,26.4,24.7,358
50120,Mayagüez,Lajas,Elemental Urbana Nueva,Primario,456,0.28,0.35789,0.36996,0.2674,0.54579,1.0,37.0,54.6,26.7,35.8,533
50229,Ponce,Adjuntas,Héctor I. Rivera,Primario,250,0.0836363636363636,0.42553,0.33969,0.12261,0.16092,1.0,34.0,16.1,12.3,42.6,384
50252,Ponce,Adjuntas,Domingo Massol,Primario,112,0.0413223140495867,0.8,0.71698,0.33962,0.64151,0.0,71.7,64.2,34.0,80.0,105
50443,Ponce,Coamo,S. U. Eugenio Nazario Soto,Primario,216,0.2260869565217391,0.67857,0.57692,0.63226,0.47097,1.0,57.7,47.1,63.2,67.9,226
50492,Ponce,Coamo,Benjamín Franklin,Primario,177,0.4064171122994652,0.26923,0.38596,0.34821,0.09649,0.0,38.6,9.6,34.8,26.9,247
50500,Ponce,Coamo,José Ramón Rodríguez,Primario,300,0.44,0.85,0.81081,0.67117,0.67421,1.0,81.1,67.1,67.1,85.0,411
50542,Ponce,Coamo,Purificación Rodríguez,Primario,303,0.2,0.90909,0.73684,0.89404,0.87417,0.0,73.7,87.4,89.4,90.9,305
50609,Ponce,Coamo,Román Colón Correa,Primario,254,0.1078066914498141,0.63014,0.5,0.30729,0.375,0.0,50.0,37.5,30.7,63.0,273
50690,Ponce,Guánica,Elsa E. Couto Annoni,Primario,128,0.0890410958904109,0.8125,0.69444,0.76056,0.84507,0.0,69.4,84.5,76.1,81.3,165
50740,Ponce,Guánica,Agripina Seda,Primario,153,0.297752808988764,0.23171,0.29798,0.20918,0.05076,0.0,29.8,5.1,20.9,23.2,226
50757,Ponce,Guánica,José Rodríguez Soto,Primario,253,0.0808823529411764,0.40741,0.38629,0.36677,0.25313,0.0,38.6,25.3,36.7,40.7,450
50773,Ponce,Guánica,Luis Muñoz Rivera,Primario,102,0.2222222222222222,1.0,0.81333,0.93333,0.98667,1.0,81.3,98.7,93.3,100.0,166
50781,Ponce,Guánica,Magueyes II,Primario,127,0.0615384615384615,0.89474,0.5,0.40625,0.6875,0.0,50.0,68.8,40.6,89.5,154
50799,Ponce,Guánica,María L. McDougall,Primario,135,0.2790697674418604,0.90625,0.78,0.8,0.78,1.0,78.0,78.0,80.0,90.6,207
51177,Ponce,Guayanilla,Hipólito García,Primario,229,0.3092369477911647,0.61333,0.59641,0.47534,0.39013,0.0,59.9,39.0,47.5,61.3,301
51185,Ponce,Guayanilla,Arístides Cales Quirós,Primario,344,0.3306451612903225,0.45614,0.34911,0.3006,0.21131,1.0,34.9,21.1,30.1,45.6,412
51292,Ponce,Guayanilla,Quebradas,Primario,225,0.226890756302521,0.69231,0.76923,0.54945,0.7033,1.0,76.9,70.3,54.9,69.2,242
51334,Ponce,Guayanilla,Dalila Torres,Primario,118,0.3023255813953488,,0.76364,0.68519,0.87273,1.0,76.4,87.3,68.5,71.4,169
51375,Ponce,Jayuya,Miguel A. Sastre Oliver,Primario,175,0.0394088669950738,0.66667,0.43011,0.1413,0.55435,0.0,43.0,55.4,14.1,66.7,206
51433,Ponce,Jayuya,S. U. Nemesio R. Canales,Primario,210,,0.4,0.40741,0.21605,0.19753,0.0,40.7,19.8,21.6,40.0,216
51441,Ponce,Jayuya,S. U. Antonio Romero Muñiz,Primario,188,0.19,0.46479,0.35354,0.24873,0.2335,0.0,35.4,23.4,24.9,46.5,248
51458,Ponce,Jayuya,S. U. Antonia Serrano González,Primario,154,0.3195266272189349,0.34146,0.40171,0.24786,0.38462,0.0,40.2,38.5,24.8,34.1,172
51482,Ponce,Jayuya,San Patricio,Primario,95,0.2755102040816326,0.66667,0.71429,0.71429,0.91429,0.0,71.4,91.4,71.4,66.7,71
51631,Ponce,Juana Díaz,Felipe Colón Díaz,Primario,344,0.2345360824742268,0.2043,0.35886,0.34513,0.06593,1.0,35.9,6.6,34.5,20.4,510
51656,Ponce,Juana Díaz,Rutherford B. Hayes,Primario,423,0.474835886214442,0.78462,0.6189,0.44817,0.69512,1.0,61.9,69.5,44.8,78.5,447
51706,Ponce,Juana Díaz,Manuel Fernández Juncos,Primario,276,0.3192182410423452,,0.58025,0.58228,0.75309,0.0,58.0,75.3,58.2,50.0,319
51797,Ponce,Juana Díaz,S. U.  Zoilo Gracía,Primario,235,0.1314741035856573,0.67647,0.63725,0.68627,0.47059,0.0,63.7,47.1,68.6,67.6,146
51862,Ponce,Peñuelas,Webster,Primario,344,0.2169014084507042,0.48148,0.4661,0.30085,0.46186,1.0,46.6,46.2,30.1,48.1,407
51870,Ponce,Peñuelas,Rafael Irizarry Rivera,Primario,300,0.3506493506493506,0.36842,0.4157,0.45322,0.22449,1.0,41.6,22.4,45.3,36.8,372
51938,Ponce,Peñuelas,S. U. Jorge Lucas Valdivieso,Primario,171,0.3056994818652849,0.4898,0.52381,0.28571,0.38776,0.0,52.4,38.8,28.6,49.0,202
51946,Ponce,Peñuelas,Ramón Pérez Purcell,Primario,341,0.2410958904109589,0.35714,0.52918,0.44747,0.37743,1.0,52.9,37.7,44.7,35.7,376
52050,Ponce,Ponce III,Fernando L. Malavé Oliveras,Primario,452,0.3093385214007782,0.48739,0.48267,0.41287,0.368,0.0,48.3,36.8,41.3,48.7,517
52084,Ponce,Ponce I,Dr. José C. Barbosa,Primario,125,0.7412587412587412,0.77778,0.30769,0.24359,0.41026,1.0,30.8,41.0,24.4,77.8,160
52118,Ponce,Ponce III,Eduardo Neumann Gandía,Primario,244,0.3601532567049808,0.34211,0.33735,0.16918,0.14157,1.0,33.7,14.2,16.9,34.2,404
52142,Ponce,Ponce II,Hemeterio Colón,Primario,253,0.2929292929292929,0.55696,0.48148,0.45973,0.09699,0.0,48.1,9.7,46.0,55.7,300
52183,Ponce,Ponce II,Capitanejo,Primario,126,0.2237762237762237,0.64286,0.59596,0.46465,0.53535,0.0,59.6,53.5,46.5,64.3,160
52225,Ponce,Ponce III,Jaime L. Drew,Primario,233,0.3949579831932773,0.57143,0.4589,0.24828,0.51034,0.0,45.9,51.0,24.8,57.1,301
52258,Ponce,Ponce III,Juan Cuevas Aboy,Primario,377,0.207070707070707,0.31481,0.78736,0.30636,0.69364,0.0,78.7,69.4,30.6,31.5,360
52357,Ponce,Ponce II,Abraham Lincoln,Primario,165,0.5584415584415584,0.52941,0.67925,0.51887,0.64151,0.0,67.9,66.7,51.9,52.9,266
52365,Ponce,Ponce III,Lucy Grillasca,Primario,231,0.2040133779264214,0.44444,0.32886,0.25503,0.42953,1.0,32.9,43.0,25.5,44.4,274
52522,Ponce,Ponce II,Dr. Rafael Pujals,Primario,212,0.3445378151260504,0.36957,0.37066,0.35521,0.05019,0.0,37.1,5.0,35.5,37.0,282
52571,Ponce,Ponce I,Rodulfo del Valle,Primario,245,0.4035087719298245,0.69231,0.58683,0.55689,0.64671,1.0,58.7,64.7,55.7,69.2,406
52621,Ponce,Ponce II,Ismael Maldonado Lúgaro,Primario,245,0.4782608695652174,0.27083,0.36052,0.34632,0.2069,1.0,36.1,20.7,34.6,27.1,297
52704,Ponce,Ponce I,Julio Collazo Silva,Primario,160,0.201058201058201,0.5,0.33333,0.20183,0.44954,0.0,33.3,45.0,20.2,50.0,198
52761,Caguas,Salinas,Las Mareas,Primario,105,0.1610169491525423,0.64286,0.48077,0.51923,0.46154,0.0,48.1,46.2,51.9,64.3,123
52795,Caguas,Salinas,Félix Garay Ortiz,Primario,184,0.1866028708133971,0.96296,0.75281,0.80899,0.94382,0.0,75.3,94.4,80.9,96.3,179
52886,Caguas,Salinas,Coquí (Intermedia),Primario,216,0.4285714285714285,0.82353,0.68644,0.82203,0.88136,1.0,68.6,88.1,82.2,82.4,233
52894,Caguas,Salinas,José Padín,Primario,163,0.4152046783625731,0.88372,0.86154,0.82308,0.88462,1.0,86.2,88.5,82.3,88.4,202
52944,Ponce,Santa Isabel,Martín G. Brumbaugh,Primario,366,0.27,0.76364,0.57292,0.6114,0.65104,1.0,57.3,65.1,61.1,76.4,380
52985,Ponce,Santa Isabel,Ana Valldejuly (Jauca),Primario,158,0.3236994219653179,0.93939,0.77895,0.77895,0.72632,0.0,77.9,72.6,77.9,93.9,179
53009,Ponce,Santa Isabel,Manuel Martín Monserrate,Primario,247,0.1803921568627451,0.22222,0.33824,0.23077,0.01465,1.0,33.8,1.5,23.1,22.2,298
53058,Ponce,Santa Isabel,Pedro Meléndez Santiago,Primario,369,0.3063291139240506,0.44898,0.53559,0.31525,0.3661,0.0,53.6,36.6,31.5,44.9,425
53140,Ponce,Villalba,S. U. Hatillo,Primario,427,0.1756756756756756,0.72549,0.53822,0.53674,0.4377,0.0,53.8,43.8,53.7,72.5,489
53256,Ponce,Villalba,Francisco Zayas Santana,Primario,412,0.1737089201877934,0.22901,0.25926,0.16241,0.03944,0.0,25.9,3.9,16.2,22.9,458
53330,Ponce,Yauco,Almacigo Alto II,Primario,108,0.1282051282051282,0.9375,0.69091,0.52727,0.85455,1.0,69.1,85.5,52.7,93.8,101
53363,Ponce,Yauco,Arturo Lluberas,Primario,201,0.1549295774647887,0.71795,0.65873,0.42063,0.75397,1.0,65.9,75.4,42.1,71.8,251
53512,Ponce,Yauco,Luis Muñoz Rivera,Primario,177,0.0673575129533678,0.57447,0.51471,0.39098,0.63158,0.0,51.5,63.2,39.1,57.4,235
53579,Ponce,Yauco,Luis A. Ferré Aguayo,Primario,108,0.1293103448275862,0.54167,0.60759,0.64103,0.65385,0.0,60.8,65.4,64.1,54.2,146
53603,Ponce,Yauco,Elvira Vicente,Primario,222,0.2488888888888888,0.23585,0.42014,0.29371,0.04514,0.0,42.0,4.5,29.4,23.6,292
53660,Ponce,Yauco,Lena M. Franceschi (Rubias),Primario,130,0.0359712230215827,0.33333,0.30488,0.12195,0.2561,1.0,30.5,25.6,12.2,33.3,112
53686,Ponce,Yauco,S. U. Jaime Castañer,Primario,123,0.1679389312977099,0.44444,0.35238,0.26667,0.12264,0.0,35.2,12.3,26.7,44.4,143
53702,Ponce,Yauco,Santiago Negroni,Primario,241,0.2053231939163498,0.54348,0.54348,0.52555,0.64234,0.0,54.3,64.2,52.6,54.3,289
53744,Ponce,Yauco,Benicia Vélez,Primario,115,0.1071428571428571,0.95652,0.89063,0.70313,0.8125,0.0,89.1,81.3,70.3,95.7,131
54247,Ponce,Ponce II,Librado Net,Primario,173,0.2895927601809955,0.79487,0.66055,0.46789,0.68807,0.0,66.1,68.8,46.8,79.5,224
54288,Ponce,Ponce I,Ernesto Ramos Antonini,Primario,276,0.2142857142857142,0.20513,0.17674,0.07981,0.15888,1.0,17.7,15.9,8.0,20.5,338
54429,Ponce,Peñuelas,Intermedia Tallaboa Alta,Primario,107,0.1081081081081081,0.21429,0.29286,0.07857,0.05714,0.0,29.3,5.7,7.9,21.4,142
54445,Ponce,Coamo,Susana Rivera  (Nueva Escuela),Primario,439,0.2505133470225872,0.69118,0.56641,0.55859,0.69922,0.0,56.6,69.9,55.9,69.1,469
54452,Ponce,Villalba,Isabel Alvarado Alvarado,Primario,397,0.2313253012048192,0.44828,0.36364,0.19792,0.19388,0.0,36.4,19.4,19.8,44.8,429
54502,Ponce,Ponce II,Josefina Boya,Primario,274,0.1614035087719298,0.35556,0.46032,0.47619,0.55556,0.0,46.0,55.6,47.6,35.6,264
54551,Ponce,Adjuntas,Rafael Aparicio Jiménez,Primario,329,0.3112391930835735,0.39623,0.36677,0.20063,0.03448,0.0,36.7,3.4,20.1,39.6,317
54635,Ponce,Ponce I,Herminia García,Primario,503,0.1595925297113752,0.86486,0.79599,0.65101,0.70805,0.0,79.6,70.8,65.1,86.5,589
54866,Ponce,Ponce III,Dr. Alfredo M. Aguayo,Primario,171,0.2074468085106383,0.32051,0.29016,0.16146,0.11917,0.0,29.0,11.9,16.1,32.1,284
54940,Ponce,Ponce II,Andrés Grillasca Salas,Primario,108,0.4273504273504273,0.36585,0.36508,0.2381,0.35714,0.0,36.5,35.7,23.8,36.6,235
55350,Ponce,Coamo,Florencio Santiago,Primario,347,0.1614730878186968,0.70874,0.58721,0.56725,0.4157,1.0,58.7,41.6,56.7,70.9,344
55475,Ponce,Ponce III,Julio Alvarado,Primario,215,0.2984496124031007,0.46429,0.36364,0.23295,0.39205,0.0,36.4,39.2,23.3,46.4,349
55483,Ponce,Ponce II,Angela Cordero Bernard,Primario,511,0.1756756756756756,0.60606,0.51757,0.43408,0.44409,0.0,51.8,44.4,43.4,60.6,608
55731,Ponce,Juana Díaz,Juan Serapio Mangual,Primario,194,0.2403846153846154,0.8,0.76415,0.59434,0.70755,0.0,76.4,70.8,59.4,80.0,221
55871,Ponce,Ponce I,Antonio Paoli,Primario,116,0.5263157894736842,0.20755,0.216,0.12903,0.024,1.0,21.6,2.4,12.9,20.8,127
55889,Ponce,Juana Díaz,Dr. Pedro Albizu Campos,Primario,246,0.2553191489361702,0.75,0.75862,0.66897,0.73103,0.0,75.9,73.1,66.9,75.0,299
56077,Ponce,Villalba,Norma I. Torres Colon,Primario,227,0.2145748987854251,0.8254,0.5,0.28415,0.45355,1.0,50.0,45.4,28.4,82.5,331
56085,Ponce,Ponce II,Sor Isolina Ferré,Primario,343,0.2885085574572127,0.28319,0.31534,0.28775,0.04545,0.0,31.5,4.5,28.8,28.3,366
56093,Ponce,Ponce I,Llanos del Sur,Primario,320,0.1564102564102564,0.50649,0.53333,0.38189,0.63137,1.0,53.3,63.1,38.2,50.6,527
56101,Ponce,Ponce I,Manuel González Pato,Primario,281,0.135593220338983,0.59483,0.42978,0.36338,0.13202,0.0,43.0,13.2,36.3,59.5,356
56424,Ponce,Ponce I,Jardines de Ponce,Primario,344,0.3324468085106383,0.29293,0.3639,0.23714,0.04533,0.0,36.4,4.5,23.7,29.3,359
56440,Ponce,Ponce III,Eugenio Le Compte Benítez,Primario,389,0.2113821138211382,0.26316,0.28496,0.18783,0.16887,0.0,28.5,16.9,18.8,26.3,387
57000,Ponce,Yauco,José Onofre Torres,Primario,313,0.1132075471698113,0.29412,0.3741,0.32048,0.10552,1.0,37.4,10.6,32.0,29.4,421
57018,Ponce,Ponce II,Áurea E. Rivera Collazo,Primario,279,0.3728813559322034,0.61765,0.44845,0.27835,0.56186,0.0,44.8,56.2,27.8,61.8,360
57026,Ponce,Ponce I,Santa Teresita,Primario,199,0.3955555555555555,0.64444,0.51969,0.32283,0.52381,0.0,52.0,52.4,32.3,64.4,269
57182,Ponce,Ponce III,Carmen Solá de Pereira,Primario,211,0.2850678733031674,0.64286,0.58228,0.40252,0.58861,1.0,58.2,58.9,40.3,64.3,331
57323,Ponce,Peñuelas,Miguel González Bauza,Primario,250,0.2350597609561753,0.66038,0.35329,0.2,0.39157,1.0,35.3,39.2,20.0,66.0,343
57331,Ponce,Yauco,Inés María Mendoza,Primario,200,0.2390243902439024,0.80952,0.76984,0.784,0.74603,0.0,77.0,74.6,78.4,81.0,287
57562,Ponce,Ponce I,Juan Serrallés (Intermedia),Primario,264,0.4690553745928338,0.43307,0.43767,0.30362,0.05817,1.0,43.8,5.8,30.4,43.3,354
57828,Ponce,Coamo,Herminio W. Santaella,Primario,263,0.0932835820895522,0.55914,0.51825,0.50183,0.14599,0.0,51.8,14.6,50.2,55.9,277
57835,Caguas,Salinas,S. U. Urbana Salinas,Primario,260,0.2389705882352941,0.86885,0.63068,0.60227,0.71186,1.0,63.1,71.2,60.2,86.9,309
58081,Ponce,Adjuntas,Domingo Pietri Ruiz,Primario,358,0.050131926121372,0.44186,0.31128,0.11858,0.48828,1.0,31.1,48.8,11.9,44.2,446
58099,Ponce,Yauco,Profesora Luisa Monsegur Vélez,Primario,235,0.060377358490566,0.70968,0.75598,0.70192,0.40865,1.0,75.6,40.9,70.2,71.0,295
58123,Caguas,Salinas,S. U. Sabana Llana,Primario,220,0.4291666666666666,0.28916,0.2253,0.3004,0.08696,0.0,22.5,8.7,30.0,28.9,254
58131,Ponce,Coamo,José M. Espada Zayas,Primario,239,0.3385214007782101,0.73529,0.83929,0.88288,0.83036,1.0,83.9,83.0,88.3,73.5,244
58164,Ponce,Guayanilla,Gloria María Borrero Oliveras,Primario,583,0.0867507886435331,0.53205,0.55274,0.44726,0.35021,1.0,55.3,35.0,44.7,53.2,654
58172,Ponce,Juana Díaz,Pedro Colón Santiago,Primario,293,0.1973684210526315,0.52174,0.42544,0.40789,0.32456,1.0,42.5,32.5,40.8,52.2,327
58248,Ponce,Coamo,Sabino Rivera Berrios,Primario,138,0.1493506493506493,0.32353,0.40541,0.15315,0.1982,0.0,40.5,19.8,15.3,32.4,181
58255,Ponce,Juana Díaz,Francisco Prado Picart,Primario,254,0.1317829457364341,0.35088,0.25683,0.2033,0.21311,1.0,25.7,21.3,20.3,35.1,261
58263,Ponce,Villalba,Daniel Serrano Rivera,Primario,369,0.2610966057441253,0.32787,0.43678,0.34104,0.47977,1.0,43.7,48.0,34.1,32.8,373
58495,Ponce,Villalba,Ramón López Berrios,Primario,98,0.1037735849056603,0.92857,0.91667,0.89583,0.89583,1.0,91.7,89.6,89.6,92.9,89
58594,Ponce,Jayuya,Adrián Torres Torres,Primario,368,0.1544117647058823,0.47059,0.46965,0.32476,0.14696,1.0,47.0,14.7,32.5,47.1,386
60095,San Juan,Trujillo Alto,El Conquistador,Primario,301,0.4907407407407407,0.39655,0.36478,0.25316,0.49367,1.0,36.5,49.4,25.3,39.7,294
60228,San Juan,Carolina I,Jesús Manuel Suarez,Primario,229,0.3012048192771084,0.94444,0.81731,0.75962,0.88462,0.0,81.7,88.5,76.0,94.4,198
60343,San Juan,Carolina I,José Severo Quiñones,Primario,648,0.4414814814814815,0.61429,0.27517,0.44244,0.30735,0.0,27.5,30.7,44.2,61.4,647
60400,San Juan,Carolina II,Pascasio P. Sancerrit,Primario,293,0.5314465408805031,0.45902,0.14754,0.12637,0.27322,0.0,14.8,27.3,12.6,45.9,365
60418,San Juan,Carolina II,Pedro Moczo Baniet,Primario,348,0.2044198895027624,0.35938,0.3125,0.2823,0.34615,1.0,31.3,34.6,28.2,35.9,394
61333,San Juan,San Juan II,Dr. Antonio S. Pedreira,Primario,273,0.2066666666666666,0.76087,0.6963,0.7037,0.72593,0.0,69.6,72.6,70.4,76.1,287
61358,San Juan,San Juan II,Eleanor Roosevelt,Primario,251,0.3152173913043478,0.60784,0.34351,0.22481,0.44275,0.0,34.4,44.3,22.5,60.8,278
61408,San Juan,San Juan V,Juan B. Huyke,Primario,287,0.5454545454545454,0.21127,0.30612,0.14463,0.13115,0.0,30.6,13.1,14.5,21.1,339
61416,San Juan,San Juan II,Julio Sellés Solá,Primario,642,0.17357910906298,0.71795,0.56805,0.54328,0.6213,0.0,56.8,62.1,54.3,71.8,633
61432,San Juan,San Juan II,Las Américas,Primario,233,0.4176706827309236,0.2,0.29461,0.12033,0.10331,0.0,29.5,10.3,12.0,20.0,306
61457,San Juan,San Juan II,Luis Muñiz Souffront,Primario,155,0.3657142857142857,0.58621,0.38384,0.32653,0.46465,0.0,38.4,46.5,32.7,58.6,200
61481,San Juan,San Juan II,Pedro Carlos Timothee,Primario,159,0.1695906432748538,0.33333,0.38462,0.17105,0.41026,0.0,38.5,41.0,17.1,33.3,167
61499,San Juan,San Juan V,Rafael Rivera Otero,Primario,218,0.2232142857142857,0.30952,0.37069,0.23276,0.36207,1.0,37.1,36.2,23.3,31.0,267
61515,San Juan,San Juan II,República de Brasil,Primario,223,0.1844262295081967,0.63793,0.61429,0.38129,0.60714,0.0,61.4,60.7,38.0,63.8,245
61549,San Juan,San Juan II,Rafael Hernández Marín,Primario,227,0.2962962962962963,0.91429,0.71774,0.77419,0.79839,0.0,71.8,79.8,77.4,91.4,240
61556,San Juan,San Juan V,Evaristo Rivera Chevremont,Primario,230,0.678714859437751,0.96154,0.47778,0.50556,0.43333,0.0,47.8,43.3,50.6,96.2,292
61564,San Juan,San Juan II,William D. Boyce,Primario,443,0.1543478260869565,0.17901,0.25843,0.1618,0.0045,1.0,25.8,0.5,16.2,17.9,456
61580,San Juan,San Juan I,Antonio B. Caimary,Primario,252,0.2613636363636363,0.46154,0.43275,0.3787,0.47647,1.0,43.3,47.6,37.9,46.2,331
61598,San Juan,San Juan I,Abraham Lincoln,Primario,133,0.3466666666666667,0.6,0.5,0.25926,0.61111,0.0,50.0,61.1,25.9,60.0,134
61622,San Juan,San Juan I,Dr. Francisco Hernández y Gaetan,Primario,257,0.2059925093632958,0.45946,0.51572,0.3949,0.49057,1.0,51.6,49.1,39.5,45.9,241
61689,San Juan,San Juan I,Luis Muñoz Rivera,Primario,350,0.3789173789173789,0.55,0.51244,0.37688,0.40796,0.0,51.2,40.8,37.7,55.0,374
62174,San Juan,Carolina II,Rvdo. Félix Castro Rodríguez,Primario,274,0.1619718309859155,0.53774,0.47152,0.32268,0.09841,0.0,47.2,9.8,32.3,53.8,315
62182,San Juan,Carolina I,Prisco Fuentes,Primario,405,0.4009546539379475,0.39744,0.58029,0.34432,0.50185,0.0,58.0,50.2,34.4,39.7,536
62422,San Juan,San Juan III,Antonio Sarriera Egozcue,Primario,412,0.4518348623853211,0.39326,0.37785,0.1732,0.19344,1.0,37.8,19.3,17.3,39.3,416
62463,San Juan,San Juan IV,Pachín Marín,Primario,320,0.3623188405797101,0.22581,0.28247,0.24351,0.02932,0.0,28.2,2.9,24.4,22.6,333
62513,San Juan,San Juan IV,Emilio del Toro Cuevas,Primario,125,0.3284671532846715,0.77419,0.5,0.68675,0.6747,1.0,50.0,67.5,68.7,77.4,167
62521,San Juan,San Juan III,Felipe Gutiérrez,Primario,251,0.4194756554307116,0.31111,0.28758,0.16993,0.47059,1.0,28.8,47.1,17.0,31.1,305
62539,San Juan,San Juan IV,Juanita García Peraza,Primario,208,0.2374429223744292,0.96,0.76667,0.90756,0.75833,0.0,76.7,75.8,90.8,96.0,247
62554,San Juan,San Juan IV,Juan Ramon Jiménez,Primario,263,0.6173285198555957,0.26667,0.23024,0.13058,0.01375,1.0,23.0,1.4,13.1,26.7,307
62562,San Juan,San Juan III,Gaspar Vilá Mayans,Primario,200,0.3215859030837004,0.53846,0.56604,0.35238,0.3619,1.0,56.6,36.2,35.2,53.8,223
62604,San Juan,San Juan IV,Manuel A. Pérez,Primario,302,0.4461077844311377,0.20755,0.20988,0.07317,0.33939,1.0,21.0,33.9,7.3,20.8,412
62612,San Juan,San Juan IV,Rafael Hernández,Primario,284,0.4333333333333333,0.57407,0.47929,0.39053,0.46154,0.0,47.9,46.2,39.1,57.4,315
62646,San Juan,San Juan IV,Santiago Iglesias Pantín,Primario,357,0.526595744680851,0.24615,0.2266,0.18137,0.14706,0.0,22.7,14.7,18.1,24.6,296
62679,San Juan,San Juan III,Amalia Marín,Primario,88,0.4803921568627451,0.875,0.85417,0.77083,0.70833,0.0,85.4,70.8,77.1,87.5,106
62810,San Juan,San Juan III,Luis Muñoz Rivera,Primario,178,0.4805825242718446,0.52941,0.58407,0.3125,0.50442,0.0,58.4,50.4,31.3,52.9,227
62927,San Juan,San Juan III,San Agustín,Primario,265,0.3082191780821918,0.60465,0.44604,0.28467,0.55797,0.0,44.6,55.8,28.5,60.5,284
62943,San Juan,San Juan V,S. U. Dr. Arturo Morales Carrión,Primario,340,0.4985835694050991,0.36709,0.31489,0.14043,0.13191,0.0,31.5,13.2,14.0,36.7,329
62968,San Juan,San Juan III,Villa Capri,Primario,413,0.8396436525612472,0.42308,0.48299,0.2551,0.22789,1.0,48.3,22.8,25.5,42.3,441
63024,San Juan,San Juan IV,Manuel Elzaburu y Vizcarrondo,Primario,298,0.4258064516129032,0.48,0.33735,0.28049,0.42169,1.0,33.7,42.2,28.0,48.0,246
63073,San Juan,San Juan I,Dr. Julio J Henna,Primario,245,0.4696969696969697,0.89362,0.47328,0.51145,0.9313,0.0,47.3,93.1,51.1,89.4,301
63081,San Juan,San Juan I,Luis Llorens Torres,Primario,346,0.480225988700565,0.23077,0.22297,0.15646,0.27891,0.0,22.3,27.9,15.6,23.1,349
63099,San Juan,San Juan I,Luis Rodríguez Cabrero,Primario,141,0.1217948717948717,0.62069,0.21277,0.08333,0.24731,0.0,21.3,24.7,8.3,62.1,214
63107,San Juan,San Juan IV,Manuel Boada,Primario,298,0.3670886075949367,0.89231,0.60109,0.51913,0.63934,1.0,60.1,63.9,51.9,89.2,356
63131,San Juan,San Juan IV,Ernesto Ramos Antonini,Primario,241,0.6071428571428571,0.14943,0.15417,0.08051,0.0,1.0,15.4,0.0,8.1,14.9,327
63172,San Juan,San Juan IV,Alejandro Tapia y Rivera,Primario,254,0.3321678321678322,0.51282,0.32558,0.22308,0.42857,0.0,32.6,42.9,22.3,51.3,300
64279,San Juan,San Juan I,Instituto Loaiza Cordero,Primario,281,0.2981818181818181,0.32432,0.26531,0.14483,0.13793,1.0,26.5,13.8,14.5,32.4,249
64410,San Juan,San Juan III,San Martín (Ángeles Pastor),Primario,243,0.496,0.54762,0.51145,0.38168,0.67176,0.0,51.1,67.2,38.2,54.8,257
64527,San Juan,San Juan IV,Gustavo A. Bécquer,Primario,123,0.25,0.2381,0.18391,0.08046,0.26437,1.0,18.4,26.4,8.0,23.8,180
64949,San Juan,Carolina I,Roberto Clemente,Primario,248,0.7354085603112841,0.48571,0.46429,0.16964,0.5,0.0,46.4,50.0,17.0,48.6,265
64956,San Juan,Carolina II,María Teresa Serrano,Primario,364,0.3714953271028037,0.58824,0.65285,0.64767,0.66839,1.0,65.3,66.8,64.8,58.8,381
65078,San Juan,Carolina II,Jesús María Sanroma,Primario,332,0.3890339425587467,0.3125,0.11518,0.06522,0.15426,0.0,11.5,15.4,6.5,31.3,375
65557,San Juan,San Juan III,Villa Granada,Primario,391,0.501187648456057,0.35537,0.24198,0.16176,0.09677,0.0,24.2,9.7,16.2,35.5,411
65946,San Juan,San Juan II,Nemesio R. Canales I,Primario,111,0.2558139534883721,0.15,0.12658,0.01923,0.05128,0.0,12.7,5.1,1.9,15.0,301
65987,San Juan,Carolina II,Francisco Matías Lugo,Primario,559,0.1371527777777778,0.34,0.29154,0.3522,0.36792,0.0,29.2,36.8,35.2,34.0,591
65995,San Juan,Carolina II,René Marqués,Primario,285,0.3229166666666667,0.27586,0.38746,0.2906,0.06838,0.0,38.7,6.8,29.1,27.6,361
66001,San Juan,Carolina II,Dr. Modesto Rivera Rivera,Primario,317,0.4329268292682927,0.68254,0.39252,0.39252,0.45327,0.0,39.3,45.3,39.3,68.3,367
66019,San Juan,Carolina II,Agustín Cabrera,Primario,344,0.4948717948717949,0.208,0.32945,0.22287,0.03216,1.0,32.9,3.2,22.3,20.8,340
66076,San Juan,San Juan V,El Señorial,Primario,301,0.1791530944625407,0.43333,0.2638,0.17901,0.34568,1.0,26.4,34.6,17.9,43.3,324
66167,San Juan,San Juan IV,Fray Bartolomé de las Casas,Primario,236,0.626984126984127,0.90909,0.72951,0.96721,0.78689,0.0,73.0,78.7,96.7,90.9,271
66225,San Juan,San Juan III,Carmen Gómez Tejera,Primario,163,0.2616279069767442,0.20588,0.11538,0.07767,0.17308,0.0,11.5,17.3,7.8,20.6,241
66233,San Juan,San Juan V,Luz Eneida Colón,Primario,351,0.5054347826086957,0.30769,0.68794,0.43972,0.67376,0.0,68.8,67.4,44.0,30.8,316
66316,San Juan,San Juan II,Sotero Figueroa,Primario,361,0.073972602739726,0.74107,0.83232,0.7622,0.31707,0.0,83.2,31.7,76.2,74.1,335
66480,San Juan,Carolina I,Petra Román Vigo,Primario,305,0.3383233532934132,0.14655,0.36086,0.16208,0.09786,1.0,36.1,9.8,16.2,14.7,533
66498,San Juan,Carolina II,Manuel Febres González,Primario,290,0.5503355704697986,0.17143,0.32087,0.28931,0.04348,0.0,32.1,4.3,28.9,17.1,319
67785,San Juan,San Juan III,Berwind Elemental,Primario,231,0.3114754098360656,0.52727,0.38251,0.28415,0.38798,1.0,38.3,38.8,28.4,52.7,297
67934,San Juan,San Juan III,Berwind Intermedia,Primario,277,0.5498281786941581,0.22105,0.31439,0.23194,0.01136,1.0,31.4,1.1,23.2,22.1,377
68510,San Juan,Carolina I,Juana A Méndez,Primario,353,0.2810126582278481,0.87324,0.60181,0.76147,0.71689,0.0,60.2,71.7,76.1,87.3,393
69013,San Juan,Trujillo Alto,Tulio Larrinaga,Primario,213,0.3187772925764192,0.87037,0.79487,0.71613,0.8141,1.0,79.5,81.4,71.6,87.0,308
69021,San Juan,Trujillo Alto,Fair View,Primario,306,0.3375796178343949,0.225,0.36486,0.3125,0.42069,0.0,36.5,42.1,31.3,22.5,290
69039,San Juan,Trujillo Alto,Andrés Valcárcel,Primario,257,0.5918367346938775,0.28814,0.29759,0.17219,0.03736,1.0,29.8,3.7,17.2,28.8,437
69054,San Juan,Trujillo Alto,José F. Díaz,Primario,518,0.5733333333333334,0.37273,0.22286,0.15186,0.12894,0.0,22.3,12.9,15.2,37.3,485
69054,San Juan,Trujillo Alto,José F. Díaz,Primario,518,0.5733333333333334,0.37273,0.22286,0.15186,0.12894,1.0,22.3,12.9,15.2,37.3,485
69112,San Juan,Trujillo Alto,Jesús Silva,Primario,497,0.4869888475836431,0.5614,0.77249,0.64362,0.72872,0.0,77.2,72.9,64.4,56.1,338
69112,San Juan,Trujillo Alto,Jesús Silva,Primario,497,0.4869888475836431,0.5614,0.77249,0.64362,0.72872,1.0,77.2,72.9,64.4,56.1,338
69138,San Juan,Trujillo Alto,Herminia Díaz Aponte,Primario,230,0.2025316455696202,0.66667,0.41593,0.31858,0.38938,0.0,41.6,38.9,31.9,66.7,228
70011,Bayamón,Bayamón I,Virgilio Dávila,Primario,256,0.4555555555555555,0.60417,0.50588,0.42012,0.48521,0.0,50.6,48.5,42.0,60.4,291
70045,Bayamón,Bayamón I,Ramón Morales Peña,Primario,409,0.1990632318501171,0.67073,0.50206,0.6214,0.61317,1.0,50.2,61.3,62.1,67.1,509
70060,Bayamón,Bayamón I,Juan Ramón Jiménez,Primario,336,0.4547945205479452,0.15323,0.25243,0.21173,0.03947,0.0,25.2,3.9,21.2,15.3,314
70136,Bayamón,Bayamón III,Dr. Hiram Gonzólez,Primario,356,0.5013192612137203,0.52941,0.38922,0.4491,0.36527,1.0,38.9,36.5,44.9,52.9,349
70144,Bayamón,Bayamón III,Epifanio Fernández Vanga,Primario,253,0.1863117870722433,0.46774,0.54054,0.35135,0.54595,1.0,54.1,54.6,35.1,46.8,379
70177,Bayamón,Bayamón III,Juan Morell Campos,Primario,305,0.2272727272727272,0.31343,0.46667,0.30102,0.38462,0.0,46.7,38.5,30.1,31.3,390
70243,Bayamón,Bayamón III,Rexville Elemental,Primario,417,0.4282608695652174,0.55714,0.63721,0.42523,0.64186,1.0,63.7,64.2,42.5,55.7,414
70250,Bayamón,Bayamón III,Marta Vélez De Fajardo,Primario,547,0.1606837606837607,0.57759,0.5168,0.58115,0.3776,0.0,51.7,37.8,58.1,57.8,660
70292,Bayamón,Bayamón III,Julio Ressy,Primario,312,0.2484848484848484,0.58537,0.51553,0.28125,0.50932,0.0,51.6,50.9,28.1,58.5,297
70334,Bayamón,Bayamón III,S. U. Cacique Majagua,Primario,183,0.0245098039215686,0.40678,0.36471,0.21765,0.14118,1.0,36.5,14.1,21.8,40.7,225
70367,Bayamón,Bayamón III,María Vázquez de Umpierre,Primario,380,0.3930348258706467,0.31373,0.33731,0.1994,0.22985,0.0,33.7,23.0,19.9,31.4,461
70409,Bayamón,Bayamón III,Bernardo Huyke,Primario,314,0.1353846153846153,0.46,0.425,0.47799,0.53459,0.0,42.5,53.5,47.8,46.0,373
70417,Bayamón,Bayamón III,Rafael Colón Salgado,Primario,535,0.2759856630824372,0.43307,0.33962,0.33065,0.28571,0.0,34.0,28.6,33.1,43.3,519
70425,Bayamón,Bayamón III,Cristóbal Colón,Primario,217,0.2862903225806452,0.67742,0.42056,0.29907,0.38318,0.0,42.1,38.3,29.9,67.7,179
70433,Bayamón,Bayamón III,Carlos Orama Padilla,Primario,367,0.2738693467336683,0.7037,0.38065,0.43871,0.50968,1.0,38.1,51.0,43.9,70.4,345
70458,Bayamón,Bayamón I,Inés María Mendoza,Primario,336,0.3342541436464088,0.37879,0.39891,0.25824,0.36612,1.0,39.9,36.6,25.8,37.9,365
70482,Bayamón,Bayamón III,José Campeche,Primario,217,0.405982905982906,0.36364,0.44654,0.44937,0.44654,0.0,44.7,44.7,44.9,36.4,298
70490,Bayamón,Bayamón I,Dr. José Antonio Dávila,Primario,396,0.6642335766423357,0.27027,0.29064,0.32512,0.01467,0.0,29.1,1.5,32.5,27.0,417
70508,Bayamón,Bayamón III,Jesús Sánchez Erazo,Primario,492,0.1025145067698259,0.32222,0.47679,0.35242,0.05536,0.0,47.7,5.5,35.2,32.2,573
70532,Bayamón,Bayamón III,Josefita Monserrate de Selles,Primario,213,0.3008474576271186,0.76596,0.49618,0.46512,0.55385,1.0,49.6,55.4,46.5,76.6,251
70540,Bayamón,Bayamón I,Carmen Gómez Tejera,Primario,324,0.4939393939393939,0.35821,0.31472,0.38265,0.45178,1.0,31.5,45.2,38.3,35.8,361
70557,Bayamón,Bayamón III,María E. Bas de Vázquez,Primario,268,0.4199288256227758,0.72917,0.43396,0.24528,0.55346,0.0,43.4,55.3,24.5,72.9,327
70573,Bayamón,Bayamón III,Mariano Feliu Balseiro,Primario,252,0.5257352941176471,0.16239,0.27027,0.2,0.01154,0.0,27.0,1.2,20.0,16.2,324
70599,Bayamón,Bayamón I,Faustino Santiago,Primario,205,0.4369747899159664,0.28571,0.32759,0.23478,0.22414,0.0,32.8,22.4,23.5,28.6,215
70664,Bayamón,Bayamón III,Herminia Rivera Fernández,Primario,326,0.3426183844011142,0.42697,0.36759,0.1581,0.19522,0.0,36.8,19.5,15.8,42.7,368
70672,Bayamón,Bayamón III,Andrés C. González,Primario,132,0.267515923566879,0.06977,0.21905,0.05769,0.11538,0.0,21.9,11.5,5.8,7.0,139
70680,Bayamón,Bayamón III,José M. Torres,Primario,116,0.6,0.44186,0.42424,0.20611,0.15152,0.0,42.4,15.2,20.6,44.2,163
70755,Bayamón,Cataño,Isaac del Rosario,Primario,517,0.3036053130929791,0.56604,0.44755,0.38732,0.48951,1.0,44.8,49.0,38.7,56.6,590
70763,Bayamón,Cataño,Rafael Cordero,Primario,475,0.4071856287425149,0.38272,0.31365,0.32584,0.45018,1.0,31.4,45.0,32.6,38.3,548
70805,Bayamón,Cataño,Onofre Carballeira,Primario,246,0.4531835205992509,0.08235,0.189,0.14626,0.0678,1.0,18.9,6.8,14.6,8.2,320
70870,Bayamón,Corozal,Manuel Bou Gali,Primario,485,0.3285714285714285,0.34066,0.31463,0.1831,0.16466,1.0,31.5,16.5,18.3,34.1,583
70904,Bayamón,Corozal,Fidel López Colon,Primario,359,0.3152709359605911,0.36047,0.32468,0.24017,0.31739,0.0,32.5,31.7,24.0,36.0,437
70912,Bayamón,Corozal,Genaro Bou,Primario,176,0.3201970443349753,0.22727,0.42857,0.25,0.33333,0.0,42.9,33.3,25.0,22.7,144
71035,Bayamón,Corozal,S. U. Julián Marrero,Primario,340,0.3515625,0.29703,0.35357,0.30714,0.23843,0.0,35.4,23.8,30.7,29.7,416
71050,Bayamón,Corozal,S. U. Nicolás Rodríguez,Primario,360,0.2779220779220779,0.32955,0.41319,0.22456,0.22222,1.0,41.3,22.2,22.5,33.0,416
71068,Bayamón,Corozal,S. U. Demetrio Rivera,Primario,294,0.1551155115511551,0.71429,0.5625,0.35426,0.39732,0.0,56.3,39.7,35.4,71.4,324
71076,Arecibo,Dorado,Jacinto López Martínez,Primario,350,0.1776649746192893,0.40909,0.36325,0.29487,0.32051,0.0,36.6,32.1,29.5,40.9,460
71084,Arecibo,Dorado,Ricardo Arroyo Laracuente,Primario,276,0.3811188811188811,0.10294,0.26948,0.20065,0.04487,0.0,26.9,4.5,20.1,10.3,354
71134,Arecibo,Dorado,Luisa M. Valderrama (San Antonio),Primario,241,0.4522968197879858,0.75,0.54206,0.45283,0.58491,1.0,54.2,58.5,45.3,75.0,251
71217,Bayamón,Naranjito,Mercedes Rosado,Primario,378,0.2673521850899742,0.30263,0.34978,0.20495,0.03587,0.0,35.0,3.6,20.5,30.3,461
71290,Bayamón,Naranjito,Bernarda Robles de Hevia,Primario,134,0.2666666666666666,0.27273,0.31111,0.06667,0.20455,0.0,31.1,20.5,6.7,27.3,131
71308,Bayamón,Naranjito,Rosa Luz Zayas,Primario,173,0.1365853658536585,0.69565,0.52564,0.28571,0.55844,0.0,52.6,55.8,28.6,69.6,209
71340,Bayamón,Naranjito,S. U. Adolfo García,Primario,313,0.344213649851632,0.40278,0.29187,0.19807,0.11538,1.0,29.2,11.5,19.8,40.3,316
71357,Bayamón,Naranjito,S. U. Pedro Fernández,Primario,286,0.2018927444794952,0.48148,0.42017,0.1822,0.10549,0.0,42.0,10.5,18.2,48.1,329
71365,Bayamón,Toa Alta,Violanta Jiménez,Primario,295,0.1763085399449036,0.59184,0.46914,0.32278,0.45342,0.0,46.9,45.3,32.3,5.92,366
71373,Bayamón,Toa Alta,José Pablo Morales,Primario,231,0.6300813008130082,0.26471,0.29032,0.2491,0.05018,0.0,29.0,5.0,24.9,26.5,291
71399,Bayamón,Toa Alta,José M. del Valle,Primario,266,0.25,0.91304,0.70667,0.54,0.7,0.0,70.7,70.0,54.0,91.3,332
71449,Bayamón,Toa Alta,Alejandro Jr. Cruz,Primario,155,0.0440251572327044,0.92,0.49296,0.38028,0.52113,1.0,49.33,52.1,38.0,92.0,157
71472,Bayamón,Toa Alta,Manuel Velilla,Primario,299,0.322884012539185,0.37931,0.46888,0.50628,0.34583,0.0,46.9,34.6,50.6,37.9,326
71498,Bayamón,Toa Baja,Luis M. Santiago,Primario,250,0.4423791821561338,0.44776,0.26596,0.21925,0.14362,0.0,26.6,14.4,21.9,44.8,286
71522,Bayamón,Toa Baja,José Robles Otero,Primario,201,0.2836538461538461,0.46667,0.53846,0.30769,0.41026,0.0,53.8,41.0,30.8,46.7,157
71530,Bayamón,Toa Baja,Altinencia Valle,Primario,590,0.3232830820770519,0.51095,0.49886,0.36219,0.2574,0.0,49.9,25.7,36.2,51.1,616
71548,Bayamón,Toa Baja,José Nevárez López,Primario,146,0.2922077922077922,0.4375,0.26866,0.35821,0.49254,0.0,26.9,49.3,35.8,43.8,151
71571,Bayamón,Toa Baja,Ernestina Bracero,Primario,230,0.3307086614173228,1.0,0.71264,0.6092,0.89655,0.0,71.3,89.7,60.9,100.0,165
71639,Bayamón,Toa Baja,Delia Dávila De Caban,Primario,221,0.3449612403100775,0.32558,0.55782,0.32653,0.34694,0.0,55.8,34.7,32.7,32.6,260
71647,Bayamón,Toa Baja,Dr. Efrain Sánchez Hidalgo,Primario,349,0.2569832402234637,0.71429,0.47887,0.44076,0.50704,1.0,47.9,50.7,44.1,71.4,415
71654,Bayamón,Toa Baja,Basilio Milán Hernández,Primario,429,0.2844243792325056,0.22642,0.31601,0.28361,0.00833,0.0,31.6,0.8,28.4,22.6,528
71662,Bayamón,Toa Baja,Carmen Barroso Morales,Primario,258,0.2792452830188679,0.92683,0.93836,0.77397,1.0,1.0,93.8,100.0,77.4,92.7,298
71704,Bayamón,Toa Baja,Francisca Dávila Semprit,Primario,293,0.4376996805111821,0.19,0.23759,0.13669,0.12456,1.0,23.8,12.5,13.7,19.0,396
71720,Arecibo,Vega Alta,Elemental Urbana,Primario,173,0.1041666666666666,0.72414,0.51429,0.25,0.40952,1.0,51.4,46.9,25.0,72.4,201
71738,Arecibo,Vega Alta,Antonio Paoli,Primario,204,0.2808510638297872,0.65217,0.61404,0.4386,0.59649,0.0,61.4,59.6,43.9,65.2,284
71746,Arecibo,Vega Alta,Rafael Hernández,Primario,269,0.1577060931899641,0.71429,0.75887,0.63121,0.86525,0.0,75.9,86.5,63.1,71.4,277
71753,Arecibo,Vega Alta,Ignacio Miranda,Primario,295,0.364516129032258,0.94444,0.88957,0.86503,0.82209,1.0,89.0,82.2,86.5,94.4,347
71761,Arecibo,Vega Alta,Apolo San Antonio,Primario,424,0.4311512415349887,0.31088,0.30847,0.21589,0.02004,1.0,30.8,2.0,21.6,31.1,577
71795,Arecibo,Vega Alta,Elisa Dávila Vázquez,Primario,164,0.2808988764044944,0.84375,0.68539,0.75281,0.64045,1.0,68.5,64.0,75.3,84.4,190
71878,Arecibo,Vega Baja,San Vicente,Primario,316,0.271137026239067,0.47619,0.49738,0.42328,0.41885,1.0,49.7,41.9,42.3,47.6,400
71886,Arecibo,Vega Baja,Ángel Sandín Martínez,Primario,359,0.334975369458128,0.15504,0.30348,0.15909,0.04239,1.0,39.5,49.3,35.4,43.9,466
72058,Arecibo,Vega Baja,Rafael Hernández,Primario,244,0.3485915492957746,0.65753,0.52041,0.46392,0.50769,1.0,52.0,50.8,46.4,65.8,326
72082,Arecibo,Vega Baja,Manuel Martínez Dávila,Primario,545,0.2642487046632124,0.35789,0.33333,0.22403,0.1501,0.0,33.3,15.0,22.4,35.8,596
72090,Arecibo,Vega Baja,S. U. Almirante Norte,Primario,471,0.3434535104364326,0.44444,0.38667,0.29839,0.24665,1.0,38.7,24.7,29.8,44.4,511
73668,Bayamón,Cataño,Mercedes García de Colorado,Primario,259,0.6286764705882353,0.36709,0.20253,0.29661,0.06751,0.0,20.3,6.8,29.7,36.7,248
73890,Bayamón,Toa Alta,María C. Osorio,Primario,386,0.2199074074074074,0.7013,0.53527,0.38075,0.47917,0.0,53.5,47.9,38.1,70.1,474
74237,Bayamón,Naranjito,Coleen Vázquez Urrutia,Primario,311,0.1630094043887147,0.26437,0.24211,0.27113,0.22105,1.0,24.2,22.1,27.1,26.4,376
74476,Bayamón,Toa Baja,María J. Corredor Rivera,Primario,202,0.0954545454545454,0.77083,0.70588,0.55882,0.71324,0.0,70.6,71.3,55.9,77.1,240
74807,Arecibo,Vega Baja,Agapito Rosario Rosario,Primario,449,0.2192066805845511,0.43878,0.39519,0.35417,0.4931,1.0,39.5,49.3,35.4,43.9,565
74864,Bayamón,Toa Alta,Abelardo Díaz Alfaro,Primario,395,0.2586206896551724,0.47205,0.41163,0.21749,0.21652,0.0,41.2,21.7,21.7,47.2,484
75234,Bayamón,Naranjito,Silvestre Martínez,Primario,395,0.2740740740740741,0.27273,0.30952,0.28743,0.36905,1.0,31.0,36.9,28.7,27.3,354
75630,San Juan,Guaynabo,Betty Rosado de Vega,Primario,158,0.3612903225806451,0.45714,0.54615,0.52308,0.52273,0.0,54.6,52.3,52.3,45.7,230
75705,San Juan,Guaynabo,Rafael Martínez Nadal,Primario,223,0.4238683127572016,0.04274,0.16955,0.07612,0.00346,1.0,17.0,0.3,7.6,4.3,314
75713,San Juan,Guaynabo,Ramón Marín Sola,Primario,396,0.2906976744186046,0.7619,0.54404,0.45833,0.57513,1.0,54.4,57.5,45.8,76.2,360
75747,San Juan,Guaynabo,Mariano Abril Elemental,Primario,180,0.4314720812182741,0.83333,0.704,0.76,0.728,0.0,70.4,72.8,76.0,83.3,260
75770,San Juan,Guaynabo,Santa Rosa III,Primario,306,0.051051051051051,0.78947,0.70149,0.71642,0.75188,0.0,70.1,75.2,71.6,78.9,335
75804,San Juan,Guaynabo,Juan E. Miranda,Primario,377,0.234256926952141,0.30282,0.33333,0.25464,0.05585,1.0,33.3,5.6,25.5,30.3,433
75820,San Juan,Guaynabo,Luis Muñoz Rivera II,Primario,256,0.4839857651245551,0.54054,0.30357,0.31532,0.2973,0.0,30.4,29.7,31.5,54.1,259
76257,Bayamón,Bayamón III,Nueva Escuela S.U. Antonio Rivera,Primario,175,0.3186813186813186,0.48387,0.33962,0.15094,0.16981,0.0,34.0,17.0,15.1,48.4,164
76349,Arecibo,Vega Alta,S. U. Francisco Felicie Martínez,Primario,525,0.3436426116838488,0.59459,0.48359,0.40839,0.34066,0.0,48.4,34.1,40.8,59.5,639
76356,Bayamón,Naranjito,Francisco Roque Muñoz,Primario,137,0.2635135135135135,0.83333,0.59722,0.43056,0.63889,0.0,59.7,63.9,43.1,83.3,170
76562,Arecibo,Dorado,Cristóbal Santana Melecio (Nueva),Primario,330,0.306547619047619,0.32727,0.41667,0.27778,0.33333,1.0,41.7,33.3,27.8,32.7,232
77289,San Juan,San Juan III,Elemental Nueva,Primario,220,0.1929824561403508,0.35821,0.37349,0.18072,0.22289,0.0,37.3,22.3,18.1,35.8,239
77461,Bayamón,Toa Alta,Int. Bo. Quebrada Arenas,Primario,723,0.2416452442159383,0.67222,0.63636,0.58242,0.4304,0.0,63.6,43.0,58.2,67.2,777
78253,San Juan,Guaynabo,Nueva Elemental Urbana de Guaynabo,Primario,380,0.3163265306122449,0.50704,0.4633,0.45833,0.48165,1.0,46.3,48.2,45.8,50.7,437
78832,Bayamón,Toa Baja,Martín García Giusti,Primario,352,0.2407407407407407,0.35484,0.29211,0.14248,0.14698,1.0,29.2,14.7,14.2,35.5,485
78956,Bayamón,Naranjito,Francisco López Cruz,Primario,368,0.2176039119804401,0.36508,0.2243,0.16981,0.31604,1.0,22.4,31.6,17.0,36.5,413
79087,San Juan,Trujillo Alto,Nueva Elemental Bo. Quebrada Negrito,Primario,320,0.2710843373493976,0.65789,0.44037,0.45413,0.57991,1.0,44.0,58.0,45.4,65.8,417
